condition,profile,binary,binary_sha,ebn0_db,snr3k_db,frames_tx,frames_ok,frames_bad,frames_dup,frames_missed,p_decode,gained_vs_ref,lost_vs_ref,cpu_s,audio_s,clipped_samples,wav_sha,mode,seed,frames,extra,gen_packets_sha
flat,A+,base,a67169eb7a33,7.0,3.02,100,0,0,0,100,0.0,0,0,1.512,90.05,31026,5beef643faf8,1200,1,100,,6a2b5cf930a9
flat,A+,k0,e73a4807a12b,7.0,3.02,100,0,0,0,100,0.0,0,0,1.355,90.05,31026,5beef643faf8,1200,1,100,,6a2b5cf930a9
flat,A+,k4,eb68334d7a01,7.0,3.02,100,0,0,0,100,0.0,0,0,1.389,90.05,31026,5beef643faf8,1200,1,100,,6a2b5cf930a9
flat,A+,k8,de5507c1aa35,7.0,3.02,100,0,0,0,100,0.0,0,0,1.401,90.05,31026,5beef643faf8,1200,1,100,,6a2b5cf930a9
flat,A+,k16,4e86f157b9ee,7.0,3.02,100,0,0,0,100,0.0,0,0,1.37,90.05,31026,5beef643faf8,1200,1,100,,6a2b5cf930a9
flat,A+,k8p6,0353089c4d1a,7.0,3.02,100,0,0,0,100,0.0,0,0,1.397,90.05,31026,5beef643faf8,1200,1,100,,6a2b5cf930a9
flat,A+,k16p8,1f0f7acfde8f,7.0,3.02,100,0,0,0,100,0.0,0,0,1.419,90.05,31026,5beef643faf8,1200,1,100,,6a2b5cf930a9
flat,A+,F1,e640ed355ad3,7.0,3.02,100,0,0,0,100,0.0,0,0,1.63,90.05,31026,5beef643faf8,1200,1,100,,6a2b5cf930a9
flat,A+,base,a67169eb7a33,8.0,4.02,100,2,0,0,98,0.02,0,0,1.365,90.05,13362,fd2ea9abe620,1200,1,100,,6a2b5cf930a9
flat,A+,k0,e73a4807a12b,8.0,4.02,100,2,0,0,98,0.02,0,0,1.349,90.05,13362,fd2ea9abe620,1200,1,100,,6a2b5cf930a9
flat,A+,k4,eb68334d7a01,8.0,4.02,100,2,0,0,98,0.02,0,0,1.404,90.05,13362,fd2ea9abe620,1200,1,100,,6a2b5cf930a9
flat,A+,k8,de5507c1aa35,8.0,4.02,100,2,0,0,98,0.02,0,0,1.389,90.05,13362,fd2ea9abe620,1200,1,100,,6a2b5cf930a9
flat,A+,k16,4e86f157b9ee,8.0,4.02,100,3,0,0,97,0.03,1,0,1.373,90.05,13362,fd2ea9abe620,1200,1,100,,6a2b5cf930a9
flat,A+,k8p6,0353089c4d1a,8.0,4.02,100,3,0,0,97,0.03,1,0,1.383,90.05,13362,fd2ea9abe620,1200,1,100,,6a2b5cf930a9
flat,A+,k16p8,1f0f7acfde8f,8.0,4.02,100,4,0,0,96,0.04,2,0,1.415,90.05,13362,fd2ea9abe620,1200,1,100,,6a2b5cf930a9
flat,A+,F1,e640ed355ad3,8.0,4.02,100,4,0,0,96,0.04,2,0,1.704,90.05,13362,fd2ea9abe620,1200,1,100,,6a2b5cf930a9
flat,A+,base,a67169eb7a33,9.0,5.02,100,19,0,0,81,0.19,0,0,1.358,90.05,4818,ef0d1ce27571,1200,1,100,,6a2b5cf930a9
flat,A+,k0,e73a4807a12b,9.0,5.02,100,19,0,0,81,0.19,0,0,1.35,90.05,4818,ef0d1ce27571,1200,1,100,,6a2b5cf930a9
flat,A+,k4,eb68334d7a01,9.0,5.02,100,26,0,0,74,0.26,7,0,1.36,90.05,4818,ef0d1ce27571,1200,1,100,,6a2b5cf930a9
flat,A+,k8,de5507c1aa35,9.0,5.02,100,27,0,0,73,0.27,8,0,1.366,90.05,4818,ef0d1ce27571,1200,1,100,,6a2b5cf930a9
flat,A+,k16,4e86f157b9ee,9.0,5.02,100,30,0,0,70,0.3,11,0,1.384,90.05,4818,ef0d1ce27571,1200,1,100,,6a2b5cf930a9
flat,A+,k8p6,0353089c4d1a,9.0,5.02,100,30,0,0,70,0.3,11,0,1.374,90.05,4818,ef0d1ce27571,1200,1,100,,6a2b5cf930a9
flat,A+,k16p8,1f0f7acfde8f,9.0,5.02,100,36,0,0,64,0.36,17,0,1.395,90.05,4818,ef0d1ce27571,1200,1,100,,6a2b5cf930a9
flat,A+,F1,e640ed355ad3,9.0,5.02,100,42,0,0,58,0.42,23,0,1.753,90.05,4818,ef0d1ce27571,1200,1,100,,6a2b5cf930a9
flat,A+,base,a67169eb7a33,10.0,6.02,100,47,0,0,53,0.47,0,0,1.373,90.05,1464,df331ec27350,1200,1,100,,6a2b5cf930a9
flat,A+,k0,e73a4807a12b,10.0,6.02,100,47,0,0,53,0.47,0,0,1.378,90.05,1464,df331ec27350,1200,1,100,,6a2b5cf930a9
flat,A+,k4,eb68334d7a01,10.0,6.02,100,71,0,0,29,0.71,24,0,1.356,90.05,1464,df331ec27350,1200,1,100,,6a2b5cf930a9
flat,A+,k8,de5507c1aa35,10.0,6.02,100,73,0,0,27,0.73,26,0,1.392,90.05,1464,df331ec27350,1200,1,100,,6a2b5cf930a9
flat,A+,k16,4e86f157b9ee,10.0,6.02,100,75,0,0,25,0.75,28,0,1.415,90.05,1464,df331ec27350,1200,1,100,,6a2b5cf930a9
flat,A+,k8p6,0353089c4d1a,10.0,6.02,100,81,0,0,19,0.81,34,0,1.401,90.05,1464,df331ec27350,1200,1,100,,6a2b5cf930a9
flat,A+,k16p8,1f0f7acfde8f,10.0,6.02,100,84,0,0,16,0.84,37,0,1.389,90.05,1464,df331ec27350,1200,1,100,,6a2b5cf930a9
flat,A+,F1,e640ed355ad3,10.0,6.02,100,79,1,0,21,0.79,32,0,1.762,90.05,1464,df331ec27350,1200,1,100,,6a2b5cf930a9
flat,A+,base,a67169eb7a33,11.0,7.02,100,90,0,0,10,0.9,0,0,1.387,90.05,326,a1db6901775e,1200,1,100,,6a2b5cf930a9
flat,A+,k0,e73a4807a12b,11.0,7.02,100,90,0,0,10,0.9,0,0,1.422,90.05,326,a1db6901775e,1200,1,100,,6a2b5cf930a9
flat,A+,k4,eb68334d7a01,11.0,7.02,100,96,0,0,4,0.96,6,0,1.358,90.05,326,a1db6901775e,1200,1,100,,6a2b5cf930a9
flat,A+,k8,de5507c1aa35,11.0,7.02,100,97,0,0,3,0.97,7,0,1.374,90.05,326,a1db6901775e,1200,1,100,,6a2b5cf930a9
flat,A+,k16,4e86f157b9ee,11.0,7.02,100,97,0,0,3,0.97,7,0,1.387,90.05,326,a1db6901775e,1200,1,100,,6a2b5cf930a9
flat,A+,k8p6,0353089c4d1a,11.0,7.02,100,97,0,0,3,0.97,7,0,1.4,90.05,326,a1db6901775e,1200,1,100,,6a2b5cf930a9
flat,A+,k16p8,1f0f7acfde8f,11.0,7.02,100,97,0,0,3,0.97,7,0,1.368,90.05,326,a1db6901775e,1200,1,100,,6a2b5cf930a9
flat,A+,F1,e640ed355ad3,11.0,7.02,100,97,0,0,3,0.97,7,0,1.692,90.05,326,a1db6901775e,1200,1,100,,6a2b5cf930a9
flat,A+,base,a67169eb7a33,12.0,8.02,100,99,0,0,1,0.99,0,0,1.338,90.05,55,6521ed278046,1200,1,100,,6a2b5cf930a9
flat,A+,k0,e73a4807a12b,12.0,8.02,100,99,0,0,1,0.99,0,0,1.348,90.05,55,6521ed278046,1200,1,100,,6a2b5cf930a9
flat,A+,k4,eb68334d7a01,12.0,8.02,100,100,0,0,0,1.0,1,0,1.368,90.05,55,6521ed278046,1200,1,100,,6a2b5cf930a9
flat,A+,k8,de5507c1aa35,12.0,8.02,100,100,0,0,0,1.0,1,0,1.341,90.05,55,6521ed278046,1200,1,100,,6a2b5cf930a9
flat,A+,k16,4e86f157b9ee,12.0,8.02,100,100,0,0,0,1.0,1,0,1.355,90.05,55,6521ed278046,1200,1,100,,6a2b5cf930a9
flat,A+,k8p6,0353089c4d1a,12.0,8.02,100,100,0,0,0,1.0,1,0,1.366,90.05,55,6521ed278046,1200,1,100,,6a2b5cf930a9
flat,A+,k16p8,1f0f7acfde8f,12.0,8.02,100,100,0,0,0,1.0,1,0,1.37,90.05,55,6521ed278046,1200,1,100,,6a2b5cf930a9
flat,A+,F1,e640ed355ad3,12.0,8.02,100,100,0,0,0,1.0,1,0,1.626,90.05,55,6521ed278046,1200,1,100,,6a2b5cf930a9
flat,A+,base,a67169eb7a33,13.0,9.02,100,100,0,0,0,1.0,0,0,1.399,90.05,6,9bc3262cfdff,1200,1,100,,6a2b5cf930a9
flat,A+,k0,e73a4807a12b,13.0,9.02,100,100,0,0,0,1.0,0,0,1.343,90.05,6,9bc3262cfdff,1200,1,100,,6a2b5cf930a9
flat,A+,k4,eb68334d7a01,13.0,9.02,100,100,0,0,0,1.0,0,0,1.362,90.05,6,9bc3262cfdff,1200,1,100,,6a2b5cf930a9
flat,A+,k8,de5507c1aa35,13.0,9.02,100,100,0,0,0,1.0,0,0,1.347,90.05,6,9bc3262cfdff,1200,1,100,,6a2b5cf930a9
flat,A+,k16,4e86f157b9ee,13.0,9.02,100,100,0,0,0,1.0,0,0,1.359,90.05,6,9bc3262cfdff,1200,1,100,,6a2b5cf930a9
flat,A+,k8p6,0353089c4d1a,13.0,9.02,100,100,0,0,0,1.0,0,0,1.373,90.05,6,9bc3262cfdff,1200,1,100,,6a2b5cf930a9
flat,A+,k16p8,1f0f7acfde8f,13.0,9.02,100,100,0,0,0,1.0,0,0,1.373,90.05,6,9bc3262cfdff,1200,1,100,,6a2b5cf930a9
flat,A+,F1,e640ed355ad3,13.0,9.02,100,100,0,0,0,1.0,0,0,1.565,90.05,6,9bc3262cfdff,1200,1,100,,6a2b5cf930a9
flat,A,base,a67169eb7a33,7.0,3.02,100,0,0,0,100,0.0,0,0,1.166,90.05,31026,5beef643faf8,1200,1,100,,6a2b5cf930a9
flat,A,k0,e73a4807a12b,7.0,3.02,100,0,0,0,100,0.0,0,0,1.162,90.05,31026,5beef643faf8,1200,1,100,,6a2b5cf930a9
flat,A,k4,eb68334d7a01,7.0,3.02,100,0,0,0,100,0.0,0,0,1.19,90.05,31026,5beef643faf8,1200,1,100,,6a2b5cf930a9
flat,A,k8,de5507c1aa35,7.0,3.02,100,0,0,0,100,0.0,0,0,1.179,90.05,31026,5beef643faf8,1200,1,100,,6a2b5cf930a9
flat,A,k16,4e86f157b9ee,7.0,3.02,100,0,0,0,100,0.0,0,0,1.17,90.05,31026,5beef643faf8,1200,1,100,,6a2b5cf930a9
flat,A,k8p6,0353089c4d1a,7.0,3.02,100,0,0,0,100,0.0,0,0,1.169,90.05,31026,5beef643faf8,1200,1,100,,6a2b5cf930a9
flat,A,k16p8,1f0f7acfde8f,7.0,3.02,100,0,0,0,100,0.0,0,0,1.196,90.05,31026,5beef643faf8,1200,1,100,,6a2b5cf930a9
flat,A,F1,e640ed355ad3,7.0,3.02,100,0,0,0,100,0.0,0,0,1.265,90.05,31026,5beef643faf8,1200,1,100,,6a2b5cf930a9
flat,A,base,a67169eb7a33,8.0,4.02,100,0,0,0,100,0.0,0,0,1.165,90.05,13362,fd2ea9abe620,1200,1,100,,6a2b5cf930a9
flat,A,k0,e73a4807a12b,8.0,4.02,100,0,0,0,100,0.0,0,0,1.17,90.05,13362,fd2ea9abe620,1200,1,100,,6a2b5cf930a9
flat,A,k4,eb68334d7a01,8.0,4.02,100,0,0,0,100,0.0,0,0,1.173,90.05,13362,fd2ea9abe620,1200,1,100,,6a2b5cf930a9
flat,A,k8,de5507c1aa35,8.0,4.02,100,0,0,0,100,0.0,0,0,1.172,90.05,13362,fd2ea9abe620,1200,1,100,,6a2b5cf930a9
flat,A,k16,4e86f157b9ee,8.0,4.02,100,1,0,0,99,0.01,1,0,1.177,90.05,13362,fd2ea9abe620,1200,1,100,,6a2b5cf930a9
flat,A,k8p6,0353089c4d1a,8.0,4.02,100,0,0,0,100,0.0,0,0,1.172,90.05,13362,fd2ea9abe620,1200,1,100,,6a2b5cf930a9
flat,A,k16p8,1f0f7acfde8f,8.0,4.02,100,1,0,0,99,0.01,1,0,1.177,90.05,13362,fd2ea9abe620,1200,1,100,,6a2b5cf930a9
flat,A,F1,e640ed355ad3,8.0,4.02,100,2,0,0,98,0.02,2,0,1.275,90.05,13362,fd2ea9abe620,1200,1,100,,6a2b5cf930a9
flat,A,base,a67169eb7a33,9.0,5.02,100,15,0,0,85,0.15,0,0,1.165,90.05,4818,ef0d1ce27571,1200,1,100,,6a2b5cf930a9
flat,A,k0,e73a4807a12b,9.0,5.02,100,15,0,0,85,0.15,0,0,1.167,90.05,4818,ef0d1ce27571,1200,1,100,,6a2b5cf930a9
flat,A,k4,eb68334d7a01,9.0,5.02,100,25,0,0,75,0.25,10,0,1.168,90.05,4818,ef0d1ce27571,1200,1,100,,6a2b5cf930a9
flat,A,k8,de5507c1aa35,9.0,5.02,100,26,0,0,74,0.26,11,0,1.168,90.05,4818,ef0d1ce27571,1200,1,100,,6a2b5cf930a9
flat,A,k16,4e86f157b9ee,9.0,5.02,100,31,0,0,69,0.31,16,0,1.172,90.05,4818,ef0d1ce27571,1200,1,100,,6a2b5cf930a9
flat,A,k8p6,0353089c4d1a,9.0,5.02,100,29,0,0,71,0.29,14,0,1.172,90.05,4818,ef0d1ce27571,1200,1,100,,6a2b5cf930a9
flat,A,k16p8,1f0f7acfde8f,9.0,5.02,100,35,0,0,65,0.35,20,0,1.19,90.05,4818,ef0d1ce27571,1200,1,100,,6a2b5cf930a9
flat,A,F1,e640ed355ad3,9.0,5.02,100,34,0,0,66,0.34,19,0,1.297,90.05,4818,ef0d1ce27571,1200,1,100,,6a2b5cf930a9
flat,A,base,a67169eb7a33,10.0,6.02,100,33,0,0,67,0.33,0,0,1.172,90.05,1464,df331ec27350,1200,1,100,,6a2b5cf930a9
flat,A,k0,e73a4807a12b,10.0,6.02,100,33,0,0,67,0.33,0,0,1.185,90.05,1464,df331ec27350,1200,1,100,,6a2b5cf930a9
flat,A,k4,eb68334d7a01,10.0,6.02,100,53,0,0,47,0.53,20,0,1.184,90.05,1464,df331ec27350,1200,1,100,,6a2b5cf930a9
flat,A,k8,de5507c1aa35,10.0,6.02,100,61,0,0,39,0.61,28,0,1.174,90.05,1464,df331ec27350,1200,1,100,,6a2b5cf930a9
flat,A,k16,4e86f157b9ee,10.0,6.02,100,64,0,0,36,0.64,31,0,1.219,90.05,1464,df331ec27350,1200,1,100,,6a2b5cf930a9
flat,A,k8p6,0353089c4d1a,10.0,6.02,100,66,0,0,34,0.66,33,0,1.185,90.05,1464,df331ec27350,1200,1,100,,6a2b5cf930a9
flat,A,k16p8,1f0f7acfde8f,10.0,6.02,100,70,0,0,30,0.7,37,0,1.17,90.05,1464,df331ec27350,1200,1,100,,6a2b5cf930a9
flat,A,F1,e640ed355ad3,10.0,6.02,100,67,0,0,33,0.67,34,0,1.256,90.05,1464,df331ec27350,1200,1,100,,6a2b5cf930a9
flat,A,base,a67169eb7a33,11.0,7.02,100,74,0,0,26,0.74,0,0,1.174,90.05,326,a1db6901775e,1200,1,100,,6a2b5cf930a9
flat,A,k0,e73a4807a12b,11.0,7.02,100,74,0,0,26,0.74,0,0,1.239,90.05,326,a1db6901775e,1200,1,100,,6a2b5cf930a9
flat,A,k4,eb68334d7a01,11.0,7.02,100,89,0,0,11,0.89,15,0,1.167,90.05,326,a1db6901775e,1200,1,100,,6a2b5cf930a9
flat,A,k8,de5507c1aa35,11.0,7.02,100,89,0,0,11,0.89,15,0,1.17,90.05,326,a1db6901775e,1200,1,100,,6a2b5cf930a9
flat,A,k16,4e86f157b9ee,11.0,7.02,100,90,0,0,10,0.9,16,0,1.165,90.05,326,a1db6901775e,1200,1,100,,6a2b5cf930a9
flat,A,k8p6,0353089c4d1a,11.0,7.02,100,91,0,0,9,0.91,17,0,1.165,90.05,326,a1db6901775e,1200,1,100,,6a2b5cf930a9
flat,A,k16p8,1f0f7acfde8f,11.0,7.02,100,93,0,0,7,0.93,19,0,1.181,90.05,326,a1db6901775e,1200,1,100,,6a2b5cf930a9
flat,A,F1,e640ed355ad3,11.0,7.02,100,90,0,0,10,0.9,16,0,1.196,90.05,326,a1db6901775e,1200,1,100,,6a2b5cf930a9
flat,A,base,a67169eb7a33,12.0,8.02,100,94,0,0,6,0.94,0,0,1.166,90.05,55,6521ed278046,1200,1,100,,6a2b5cf930a9
flat,A,k0,e73a4807a12b,12.0,8.02,100,94,0,0,6,0.94,0,0,1.166,90.05,55,6521ed278046,1200,1,100,,6a2b5cf930a9
flat,A,k4,eb68334d7a01,12.0,8.02,100,98,0,0,2,0.98,4,0,1.168,90.05,55,6521ed278046,1200,1,100,,6a2b5cf930a9
flat,A,k8,de5507c1aa35,12.0,8.02,100,98,0,0,2,0.98,4,0,1.164,90.05,55,6521ed278046,1200,1,100,,6a2b5cf930a9
flat,A,k16,4e86f157b9ee,12.0,8.02,100,98,0,0,2,0.98,4,0,1.165,90.05,55,6521ed278046,1200,1,100,,6a2b5cf930a9
flat,A,k8p6,0353089c4d1a,12.0,8.02,100,98,0,0,2,0.98,4,0,1.167,90.05,55,6521ed278046,1200,1,100,,6a2b5cf930a9
flat,A,k16p8,1f0f7acfde8f,12.0,8.02,100,98,0,0,2,0.98,4,0,1.204,90.05,55,6521ed278046,1200,1,100,,6a2b5cf930a9
flat,A,F1,e640ed355ad3,12.0,8.02,100,98,0,0,2,0.98,4,0,1.172,90.05,55,6521ed278046,1200,1,100,,6a2b5cf930a9
flat,A,base,a67169eb7a33,13.0,9.02,100,97,0,0,3,0.97,0,0,1.179,90.05,6,9bc3262cfdff,1200,1,100,,6a2b5cf930a9
flat,A,k0,e73a4807a12b,13.0,9.02,100,97,0,0,3,0.97,0,0,1.2,90.05,6,9bc3262cfdff,1200,1,100,,6a2b5cf930a9
flat,A,k4,eb68334d7a01,13.0,9.02,100,99,0,0,1,0.99,2,0,1.176,90.05,6,9bc3262cfdff,1200,1,100,,6a2b5cf930a9
flat,A,k8,de5507c1aa35,13.0,9.02,100,99,0,0,1,0.99,2,0,1.208,90.05,6,9bc3262cfdff,1200,1,100,,6a2b5cf930a9
flat,A,k16,4e86f157b9ee,13.0,9.02,100,99,0,0,1,0.99,2,0,1.167,90.05,6,9bc3262cfdff,1200,1,100,,6a2b5cf930a9
flat,A,k8p6,0353089c4d1a,13.0,9.02,100,99,0,0,1,0.99,2,0,1.182,90.05,6,9bc3262cfdff,1200,1,100,,6a2b5cf930a9
flat,A,k16p8,1f0f7acfde8f,13.0,9.02,100,99,0,0,1,0.99,2,0,1.174,90.05,6,9bc3262cfdff,1200,1,100,,6a2b5cf930a9
flat,A,F1,e640ed355ad3,13.0,9.02,100,99,0,0,1,0.99,2,0,1.218,90.05,6,9bc3262cfdff,1200,1,100,,6a2b5cf930a9
deemph6,A+,base,a67169eb7a33,7.0,3.02,100,0,0,0,100,0.0,0,0,1.402,90.05,11019,2c8796f612b9,1200,1,100,,6a2b5cf930a9
deemph6,A+,k0,e73a4807a12b,7.0,3.02,100,0,0,0,100,0.0,0,0,1.397,90.05,11019,2c8796f612b9,1200,1,100,,6a2b5cf930a9
deemph6,A+,k4,eb68334d7a01,7.0,3.02,100,0,0,0,100,0.0,0,0,1.422,90.05,11019,2c8796f612b9,1200,1,100,,6a2b5cf930a9
deemph6,A+,k8,de5507c1aa35,7.0,3.02,100,0,0,0,100,0.0,0,0,1.401,90.05,11019,2c8796f612b9,1200,1,100,,6a2b5cf930a9
deemph6,A+,k16,4e86f157b9ee,7.0,3.02,100,0,0,0,100,0.0,0,0,1.498,90.05,11019,2c8796f612b9,1200,1,100,,6a2b5cf930a9
deemph6,A+,k8p6,0353089c4d1a,7.0,3.02,100,0,0,0,100,0.0,0,0,1.402,90.05,11019,2c8796f612b9,1200,1,100,,6a2b5cf930a9
deemph6,A+,k16p8,1f0f7acfde8f,7.0,3.02,100,0,0,0,100,0.0,0,0,1.434,90.05,11019,2c8796f612b9,1200,1,100,,6a2b5cf930a9
deemph6,A+,F1,e640ed355ad3,7.0,3.02,100,0,0,0,100,0.0,0,0,1.475,90.05,11019,2c8796f612b9,1200,1,100,,6a2b5cf930a9
deemph6,A+,base,a67169eb7a33,8.0,4.02,100,0,0,0,100,0.0,0,0,1.384,90.05,3902,8f0159231235,1200,1,100,,6a2b5cf930a9
deemph6,A+,k0,e73a4807a12b,8.0,4.02,100,0,0,0,100,0.0,0,0,1.38,90.05,3902,8f0159231235,1200,1,100,,6a2b5cf930a9
deemph6,A+,k4,eb68334d7a01,8.0,4.02,100,0,0,0,100,0.0,0,0,1.395,90.05,3902,8f0159231235,1200,1,100,,6a2b5cf930a9
deemph6,A+,k8,de5507c1aa35,8.0,4.02,100,0,0,0,100,0.0,0,0,1.405,90.05,3902,8f0159231235,1200,1,100,,6a2b5cf930a9
deemph6,A+,k16,4e86f157b9ee,8.0,4.02,100,0,0,0,100,0.0,0,0,1.393,90.05,3902,8f0159231235,1200,1,100,,6a2b5cf930a9
deemph6,A+,k8p6,0353089c4d1a,8.0,4.02,100,0,0,0,100,0.0,0,0,1.405,90.05,3902,8f0159231235,1200,1,100,,6a2b5cf930a9
deemph6,A+,k16p8,1f0f7acfde8f,8.0,4.02,100,0,0,0,100,0.0,0,0,1.424,90.05,3902,8f0159231235,1200,1,100,,6a2b5cf930a9
deemph6,A+,F1,e640ed355ad3,8.0,4.02,100,0,0,0,100,0.0,0,0,1.507,90.05,3902,8f0159231235,1200,1,100,,6a2b5cf930a9
deemph6,A+,base,a67169eb7a33,9.0,5.02,100,0,0,0,100,0.0,0,0,1.436,90.05,1187,63a3686a29b9,1200,1,100,,6a2b5cf930a9
deemph6,A+,k0,e73a4807a12b,9.0,5.02,100,0,0,0,100,0.0,0,0,1.471,90.05,1187,63a3686a29b9,1200,1,100,,6a2b5cf930a9
deemph6,A+,k4,eb68334d7a01,9.0,5.02,100,0,0,0,100,0.0,0,0,1.465,90.05,1187,63a3686a29b9,1200,1,100,,6a2b5cf930a9
deemph6,A+,k8,de5507c1aa35,9.0,5.02,100,0,0,0,100,0.0,0,0,1.496,90.05,1187,63a3686a29b9,1200,1,100,,6a2b5cf930a9
deemph6,A+,k16,4e86f157b9ee,9.0,5.02,100,0,0,0,100,0.0,0,0,1.473,90.05,1187,63a3686a29b9,1200,1,100,,6a2b5cf930a9
deemph6,A+,k8p6,0353089c4d1a,9.0,5.02,100,0,0,0,100,0.0,0,0,1.494,90.05,1187,63a3686a29b9,1200,1,100,,6a2b5cf930a9
deemph6,A+,k16p8,1f0f7acfde8f,9.0,5.02,100,0,0,0,100,0.0,0,0,1.449,90.05,1187,63a3686a29b9,1200,1,100,,6a2b5cf930a9
deemph6,A+,F1,e640ed355ad3,9.0,5.02,100,0,0,0,100,0.0,0,0,1.547,90.05,1187,63a3686a29b9,1200,1,100,,6a2b5cf930a9
deemph6,A+,base,a67169eb7a33,10.0,6.02,100,0,0,0,100,0.0,0,0,1.374,90.05,313,b1738036952d,1200,1,100,,6a2b5cf930a9
deemph6,A+,k0,e73a4807a12b,10.0,6.02,100,0,0,0,100,0.0,0,0,1.391,90.05,313,b1738036952d,1200,1,100,,6a2b5cf930a9
deemph6,A+,k4,eb68334d7a01,10.0,6.02,100,0,0,0,100,0.0,0,0,1.364,90.05,313,b1738036952d,1200,1,100,,6a2b5cf930a9
deemph6,A+,k8,de5507c1aa35,10.0,6.02,100,1,0,0,99,0.01,1,0,1.4,90.05,313,b1738036952d,1200,1,100,,6a2b5cf930a9
deemph6,A+,k16,4e86f157b9ee,10.0,6.02,100,1,0,0,99,0.01,1,0,1.387,90.05,313,b1738036952d,1200,1,100,,6a2b5cf930a9
deemph6,A+,k8p6,0353089c4d1a,10.0,6.02,100,1,0,0,99,0.01,1,0,1.418,90.05,313,b1738036952d,1200,1,100,,6a2b5cf930a9
deemph6,A+,k16p8,1f0f7acfde8f,10.0,6.02,100,1,0,0,99,0.01,1,0,1.414,90.05,313,b1738036952d,1200,1,100,,6a2b5cf930a9
deemph6,A+,F1,e640ed355ad3,10.0,6.02,100,1,0,0,99,0.01,1,0,1.601,90.05,313,b1738036952d,1200,1,100,,6a2b5cf930a9
deemph6,A+,base,a67169eb7a33,11.0,7.02,100,1,0,0,99,0.01,0,0,1.352,90.05,71,2ed5ba0fbf57,1200,1,100,,6a2b5cf930a9
deemph6,A+,k0,e73a4807a12b,11.0,7.02,100,1,0,0,99,0.01,0,0,1.381,90.05,71,2ed5ba0fbf57,1200,1,100,,6a2b5cf930a9
deemph6,A+,k4,eb68334d7a01,11.0,7.02,100,4,0,0,96,0.04,3,0,1.373,90.05,71,2ed5ba0fbf57,1200,1,100,,6a2b5cf930a9
deemph6,A+,k8,de5507c1aa35,11.0,7.02,100,6,0,0,94,0.06,5,0,1.385,90.05,71,2ed5ba0fbf57,1200,1,100,,6a2b5cf930a9
deemph6,A+,k16,4e86f157b9ee,11.0,7.02,100,7,0,0,93,0.07,6,0,1.39,90.05,71,2ed5ba0fbf57,1200,1,100,,6a2b5cf930a9
deemph6,A+,k8p6,0353089c4d1a,11.0,7.02,100,7,0,0,93,0.07,6,0,1.379,90.05,71,2ed5ba0fbf57,1200,1,100,,6a2b5cf930a9
deemph6,A+,k16p8,1f0f7acfde8f,11.0,7.02,100,10,0,0,90,0.1,9,0,1.405,90.05,71,2ed5ba0fbf57,1200,1,100,,6a2b5cf930a9
deemph6,A+,F1,e640ed355ad3,11.0,7.02,100,8,0,0,92,0.08,7,0,1.647,90.05,71,2ed5ba0fbf57,1200,1,100,,6a2b5cf930a9
deemph6,A+,base,a67169eb7a33,12.0,8.02,100,21,0,0,79,0.21,0,0,1.361,90.05,9,a5ba4dbd6aa5,1200,1,100,,6a2b5cf930a9
deemph6,A+,k0,e73a4807a12b,12.0,8.02,100,21,0,0,79,0.21,0,0,1.376,90.05,9,a5ba4dbd6aa5,1200,1,100,,6a2b5cf930a9
deemph6,A+,k4,eb68334d7a01,12.0,8.02,100,38,0,0,62,0.38,17,0,1.398,90.05,9,a5ba4dbd6aa5,1200,1,100,,6a2b5cf930a9
deemph6,A+,k8,de5507c1aa35,12.0,8.02,100,42,0,0,58,0.42,21,0,1.471,90.05,9,a5ba4dbd6aa5,1200,1,100,,6a2b5cf930a9
deemph6,A+,k16,4e86f157b9ee,12.0,8.02,100,44,0,0,56,0.44,23,0,1.372,90.05,9,a5ba4dbd6aa5,1200,1,100,,6a2b5cf930a9
deemph6,A+,k8p6,0353089c4d1a,12.0,8.02,100,47,0,0,53,0.47,26,0,1.38,90.05,9,a5ba4dbd6aa5,1200,1,100,,6a2b5cf930a9
deemph6,A+,k16p8,1f0f7acfde8f,12.0,8.02,100,51,0,0,49,0.51,30,0,1.413,90.05,9,a5ba4dbd6aa5,1200,1,100,,6a2b5cf930a9
deemph6,A+,F1,e640ed355ad3,12.0,8.02,100,44,2,0,56,0.44,23,0,1.682,90.05,9,a5ba4dbd6aa5,1200,1,100,,6a2b5cf930a9
deemph6,A+,base,a67169eb7a33,13.0,9.02,100,67,0,0,33,0.67,0,0,1.388,90.05,1,011d2e667488,1200,1,100,,6a2b5cf930a9
deemph6,A+,k0,e73a4807a12b,13.0,9.02,100,67,0,0,33,0.67,0,0,1.356,90.05,1,011d2e667488,1200,1,100,,6a2b5cf930a9
deemph6,A+,k4,eb68334d7a01,13.0,9.02,100,82,0,0,18,0.82,15,0,1.376,90.05,1,011d2e667488,1200,1,100,,6a2b5cf930a9
deemph6,A+,k8,de5507c1aa35,13.0,9.02,100,86,0,0,14,0.86,19,0,1.373,90.05,1,011d2e667488,1200,1,100,,6a2b5cf930a9
deemph6,A+,k16,4e86f157b9ee,13.0,9.02,100,86,0,0,14,0.86,19,0,1.374,90.05,1,011d2e667488,1200,1,100,,6a2b5cf930a9
deemph6,A+,k8p6,0353089c4d1a,13.0,9.02,100,90,0,0,10,0.9,23,0,1.374,90.05,1,011d2e667488,1200,1,100,,6a2b5cf930a9
deemph6,A+,k16p8,1f0f7acfde8f,13.0,9.02,100,90,0,0,10,0.9,23,0,1.393,90.05,1,011d2e667488,1200,1,100,,6a2b5cf930a9
deemph6,A+,F1,e640ed355ad3,13.0,9.02,100,88,0,0,12,0.88,21,0,1.658,90.05,1,011d2e667488,1200,1,100,,6a2b5cf930a9
deemph6,A,base,a67169eb7a33,7.0,3.02,100,0,0,0,100,0.0,0,0,1.18,90.05,11019,2c8796f612b9,1200,1,100,,6a2b5cf930a9
deemph6,A,k0,e73a4807a12b,7.0,3.02,100,0,0,0,100,0.0,0,0,1.29,90.05,11019,2c8796f612b9,1200,1,100,,6a2b5cf930a9
deemph6,A,k4,eb68334d7a01,7.0,3.02,100,0,0,0,100,0.0,0,0,1.182,90.05,11019,2c8796f612b9,1200,1,100,,6a2b5cf930a9
deemph6,A,k8,de5507c1aa35,7.0,3.02,100,0,0,0,100,0.0,0,0,1.17,90.05,11019,2c8796f612b9,1200,1,100,,6a2b5cf930a9
deemph6,A,k16,4e86f157b9ee,7.0,3.02,100,0,0,0,100,0.0,0,0,1.171,90.05,11019,2c8796f612b9,1200,1,100,,6a2b5cf930a9
deemph6,A,k8p6,0353089c4d1a,7.0,3.02,100,0,0,0,100,0.0,0,0,1.171,90.05,11019,2c8796f612b9,1200,1,100,,6a2b5cf930a9
deemph6,A,k16p8,1f0f7acfde8f,7.0,3.02,100,0,0,0,100,0.0,0,0,1.2,90.05,11019,2c8796f612b9,1200,1,100,,6a2b5cf930a9
deemph6,A,F1,e640ed355ad3,7.0,3.02,100,0,0,0,100,0.0,0,0,1.216,90.05,11019,2c8796f612b9,1200,1,100,,6a2b5cf930a9
deemph6,A,base,a67169eb7a33,8.0,4.02,100,0,0,0,100,0.0,0,0,1.183,90.05,3902,8f0159231235,1200,1,100,,6a2b5cf930a9
deemph6,A,k0,e73a4807a12b,8.0,4.02,100,0,0,0,100,0.0,0,0,1.174,90.05,3902,8f0159231235,1200,1,100,,6a2b5cf930a9
deemph6,A,k4,eb68334d7a01,8.0,4.02,100,0,0,0,100,0.0,0,0,1.293,90.05,3902,8f0159231235,1200,1,100,,6a2b5cf930a9
deemph6,A,k8,de5507c1aa35,8.0,4.02,100,0,0,0,100,0.0,0,0,1.182,90.05,3902,8f0159231235,1200,1,100,,6a2b5cf930a9
deemph6,A,k16,4e86f157b9ee,8.0,4.02,100,0,0,0,100,0.0,0,0,1.182,90.05,3902,8f0159231235,1200,1,100,,6a2b5cf930a9
deemph6,A,k8p6,0353089c4d1a,8.0,4.02,100,0,0,0,100,0.0,0,0,1.207,90.05,3902,8f0159231235,1200,1,100,,6a2b5cf930a9
deemph6,A,k16p8,1f0f7acfde8f,8.0,4.02,100,0,0,0,100,0.0,0,0,1.182,90.05,3902,8f0159231235,1200,1,100,,6a2b5cf930a9
deemph6,A,F1,e640ed355ad3,8.0,4.02,100,0,0,0,100,0.0,0,0,1.222,90.05,3902,8f0159231235,1200,1,100,,6a2b5cf930a9
deemph6,A,base,a67169eb7a33,9.0,5.02,100,0,0,0,100,0.0,0,0,1.167,90.05,1187,63a3686a29b9,1200,1,100,,6a2b5cf930a9
deemph6,A,k0,e73a4807a12b,9.0,5.02,100,0,0,0,100,0.0,0,0,1.177,90.05,1187,63a3686a29b9,1200,1,100,,6a2b5cf930a9
deemph6,A,k4,eb68334d7a01,9.0,5.02,100,0,0,0,100,0.0,0,0,1.177,90.05,1187,63a3686a29b9,1200,1,100,,6a2b5cf930a9
deemph6,A,k8,de5507c1aa35,9.0,5.02,100,0,0,0,100,0.0,0,0,1.175,90.05,1187,63a3686a29b9,1200,1,100,,6a2b5cf930a9
deemph6,A,k16,4e86f157b9ee,9.0,5.02,100,0,0,0,100,0.0,0,0,1.179,90.05,1187,63a3686a29b9,1200,1,100,,6a2b5cf930a9
deemph6,A,k8p6,0353089c4d1a,9.0,5.02,100,0,0,0,100,0.0,0,0,1.204,90.05,1187,63a3686a29b9,1200,1,100,,6a2b5cf930a9
deemph6,A,k16p8,1f0f7acfde8f,9.0,5.02,100,0,0,0,100,0.0,0,0,1.178,90.05,1187,63a3686a29b9,1200,1,100,,6a2b5cf930a9
deemph6,A,F1,e640ed355ad3,9.0,5.02,100,0,0,0,100,0.0,0,0,1.243,90.05,1187,63a3686a29b9,1200,1,100,,6a2b5cf930a9
deemph6,A,base,a67169eb7a33,10.0,6.02,100,0,0,0,100,0.0,0,0,1.179,90.05,313,b1738036952d,1200,1,100,,6a2b5cf930a9
deemph6,A,k0,e73a4807a12b,10.0,6.02,100,0,0,0,100,0.0,0,0,1.22,90.05,313,b1738036952d,1200,1,100,,6a2b5cf930a9
deemph6,A,k4,eb68334d7a01,10.0,6.02,100,1,0,0,99,0.01,1,0,1.203,90.05,313,b1738036952d,1200,1,100,,6a2b5cf930a9
deemph6,A,k8,de5507c1aa35,10.0,6.02,100,1,0,0,99,0.01,1,0,1.181,90.05,313,b1738036952d,1200,1,100,,6a2b5cf930a9
deemph6,A,k16,4e86f157b9ee,10.0,6.02,100,1,0,0,99,0.01,1,0,1.205,90.05,313,b1738036952d,1200,1,100,,6a2b5cf930a9
deemph6,A,k8p6,0353089c4d1a,10.0,6.02,100,1,0,0,99,0.01,1,0,1.195,90.05,313,b1738036952d,1200,1,100,,6a2b5cf930a9
deemph6,A,k16p8,1f0f7acfde8f,10.0,6.02,100,1,0,0,99,0.01,1,0,1.183,90.05,313,b1738036952d,1200,1,100,,6a2b5cf930a9
deemph6,A,F1,e640ed355ad3,10.0,6.02,100,1,0,0,99,0.01,1,0,1.262,90.05,313,b1738036952d,1200,1,100,,6a2b5cf930a9
deemph6,A,base,a67169eb7a33,11.0,7.02,100,1,0,0,99,0.01,0,0,1.2,90.05,71,2ed5ba0fbf57,1200,1,100,,6a2b5cf930a9
deemph6,A,k0,e73a4807a12b,11.0,7.02,100,1,0,0,99,0.01,0,0,1.17,90.05,71,2ed5ba0fbf57,1200,1,100,,6a2b5cf930a9
deemph6,A,k4,eb68334d7a01,11.0,7.02,100,2,0,0,98,0.02,1,0,1.173,90.05,71,2ed5ba0fbf57,1200,1,100,,6a2b5cf930a9
deemph6,A,k8,de5507c1aa35,11.0,7.02,100,2,0,0,98,0.02,1,0,1.199,90.05,71,2ed5ba0fbf57,1200,1,100,,6a2b5cf930a9
deemph6,A,k16,4e86f157b9ee,11.0,7.02,100,2,0,0,98,0.02,1,0,1.176,90.05,71,2ed5ba0fbf57,1200,1,100,,6a2b5cf930a9
deemph6,A,k8p6,0353089c4d1a,11.0,7.02,100,3,0,0,97,0.03,2,0,1.181,90.05,71,2ed5ba0fbf57,1200,1,100,,6a2b5cf930a9
deemph6,A,k16p8,1f0f7acfde8f,11.0,7.02,100,3,0,0,97,0.03,2,0,1.18,90.05,71,2ed5ba0fbf57,1200,1,100,,6a2b5cf930a9
deemph6,A,F1,e640ed355ad3,11.0,7.02,100,4,0,0,96,0.04,3,0,1.274,90.05,71,2ed5ba0fbf57,1200,1,100,,6a2b5cf930a9
deemph6,A,base,a67169eb7a33,12.0,8.02,100,13,0,0,87,0.13,0,0,1.166,90.05,9,a5ba4dbd6aa5,1200,1,100,,6a2b5cf930a9
deemph6,A,k0,e73a4807a12b,12.0,8.02,100,13,0,0,87,0.13,0,0,1.165,90.05,9,a5ba4dbd6aa5,1200,1,100,,6a2b5cf930a9
deemph6,A,k4,eb68334d7a01,12.0,8.02,100,25,0,0,75,0.25,12,0,1.177,90.05,9,a5ba4dbd6aa5,1200,1,100,,6a2b5cf930a9
deemph6,A,k8,de5507c1aa35,12.0,8.02,100,29,0,0,71,0.29,16,0,1.175,90.05,9,a5ba4dbd6aa5,1200,1,100,,6a2b5cf930a9
deemph6,A,k16,4e86f157b9ee,12.0,8.02,100,31,0,0,69,0.31,18,0,1.184,90.05,9,a5ba4dbd6aa5,1200,1,100,,6a2b5cf930a9
deemph6,A,k8p6,0353089c4d1a,12.0,8.02,100,33,0,0,67,0.33,20,0,1.216,90.05,9,a5ba4dbd6aa5,1200,1,100,,6a2b5cf930a9
deemph6,A,k16p8,1f0f7acfde8f,12.0,8.02,100,35,0,0,65,0.35,22,0,1.177,90.05,9,a5ba4dbd6aa5,1200,1,100,,6a2b5cf930a9
deemph6,A,F1,e640ed355ad3,12.0,8.02,100,33,0,0,67,0.33,20,0,1.288,90.05,9,a5ba4dbd6aa5,1200,1,100,,6a2b5cf930a9
deemph6,A,base,a67169eb7a33,13.0,9.02,100,41,0,0,59,0.41,0,0,1.183,90.05,1,011d2e667488,1200,1,100,,6a2b5cf930a9
deemph6,A,k0,e73a4807a12b,13.0,9.02,100,41,0,0,59,0.41,0,0,1.163,90.05,1,011d2e667488,1200,1,100,,6a2b5cf930a9
deemph6,A,k4,eb68334d7a01,13.0,9.02,100,61,0,0,39,0.61,20,0,1.206,90.05,1,011d2e667488,1200,1,100,,6a2b5cf930a9
deemph6,A,k8,de5507c1aa35,13.0,9.02,100,63,0,0,37,0.63,22,0,1.179,90.05,1,011d2e667488,1200,1,100,,6a2b5cf930a9
deemph6,A,k16,4e86f157b9ee,13.0,9.02,100,64,0,0,36,0.64,23,0,1.182,90.05,1,011d2e667488,1200,1,100,,6a2b5cf930a9
deemph6,A,k8p6,0353089c4d1a,13.0,9.02,100,65,0,0,35,0.65,24,0,1.165,90.05,1,011d2e667488,1200,1,100,,6a2b5cf930a9
deemph6,A,k16p8,1f0f7acfde8f,13.0,9.02,100,67,0,0,33,0.67,26,0,1.177,90.05,1,011d2e667488,1200,1,100,,6a2b5cf930a9
deemph6,A,F1,e640ed355ad3,13.0,9.02,100,66,0,0,34,0.66,25,0,1.234,90.05,1,011d2e667488,1200,1,100,,6a2b5cf930a9
