condition,profile,binary,binary_sha,ebn0_db,snr3k_db,frames_tx,frames_ok,frames_bad,frames_dup,frames_fixed,bad_fixed,frames_missed,p_decode,gained_vs_ref,lost_vs_ref,cpu_s,audio_s,clipped_samples,wav_sha,mode,seed,frames,extra,gen_packets_sha
flat,default,base,a67169eb7a33,4.0,-6.0,200,0,0,0,0,0,200,0.0,0,0,2.81,730.21,9766629,ec563bc79b0d,300,1,200,,6a2b5cf930a9
flat,default,new_S0,eb6679e58718,4.0,-6.0,200,0,0,0,0,0,200,0.0,0,0,2.243,730.21,9766629,ec563bc79b0d,300,1,200,,6a2b5cf930a9
flat,default,new,666fe84d5301,4.0,-6.0,200,0,0,0,0,0,200,0.0,0,0,2.271,730.21,9766629,ec563bc79b0d,300,1,200,,6a2b5cf930a9
flat,default,base,a67169eb7a33,5.0,-5.0,200,0,0,0,0,0,200,0.0,0,0,2.801,730.21,8053678,f11a33673ebc,300,1,200,,6a2b5cf930a9
flat,default,new_S0,eb6679e58718,5.0,-5.0,200,0,0,0,0,0,200,0.0,0,0,2.198,730.21,8053678,f11a33673ebc,300,1,200,,6a2b5cf930a9
flat,default,new,666fe84d5301,5.0,-5.0,200,0,0,0,0,0,200,0.0,0,0,2.226,730.21,8053678,f11a33673ebc,300,1,200,,6a2b5cf930a9
flat,default,base,a67169eb7a33,6.0,-4.0,200,0,0,0,0,0,200,0.0,0,0,2.755,730.21,6413694,b627bd7ad678,300,1,200,,6a2b5cf930a9
flat,default,new_S0,eb6679e58718,6.0,-4.0,200,0,0,0,0,0,200,0.0,0,0,2.19,730.21,6413694,b627bd7ad678,300,1,200,,6a2b5cf930a9
flat,default,new,666fe84d5301,6.0,-4.0,200,0,0,0,0,0,200,0.0,0,0,2.199,730.21,6413694,b627bd7ad678,300,1,200,,6a2b5cf930a9
flat,default,base,a67169eb7a33,7.0,-3.0,200,0,0,0,0,0,200,0.0,0,0,2.708,730.21,4905969,219745d860ca,300,1,200,,6a2b5cf930a9
flat,default,new_S0,eb6679e58718,7.0,-3.0,200,0,0,0,0,0,200,0.0,0,0,2.127,730.21,4905969,219745d860ca,300,1,200,,6a2b5cf930a9
flat,default,new,666fe84d5301,7.0,-3.0,200,0,0,0,0,0,200,0.0,0,0,2.294,730.21,4905969,219745d860ca,300,1,200,,6a2b5cf930a9
flat,default,base,a67169eb7a33,8.0,-2.0,200,0,0,0,0,0,200,0.0,0,0,2.726,730.21,3577327,a259ad1613b9,300,1,200,,6a2b5cf930a9
flat,default,new_S0,eb6679e58718,8.0,-2.0,200,0,0,0,0,0,200,0.0,0,0,2.158,730.21,3577327,a259ad1613b9,300,1,200,,6a2b5cf930a9
flat,default,new,666fe84d5301,8.0,-2.0,200,2,0,0,2,0,198,0.01,2,0,2.183,730.21,3577327,a259ad1613b9,300,1,200,,6a2b5cf930a9
flat,default,base,a67169eb7a33,9.0,-1.0,200,14,0,0,0,0,186,0.07,0,0,2.733,730.21,2466470,4df04addb686,300,1,200,,6a2b5cf930a9
flat,default,new_S0,eb6679e58718,9.0,-1.0,200,14,0,0,0,0,186,0.07,0,0,2.157,730.21,2466470,4df04addb686,300,1,200,,6a2b5cf930a9
flat,default,new,666fe84d5301,9.0,-1.0,200,56,0,0,42,0,144,0.28,42,0,2.187,730.21,2466470,4df04addb686,300,1,200,,6a2b5cf930a9
flat,default,base,a67169eb7a33,10.0,0.0,200,104,0,0,0,0,96,0.52,0,0,2.771,730.21,1595855,b41a9cdd478e,300,1,200,,6a2b5cf930a9
flat,default,new_S0,eb6679e58718,10.0,0.0,200,104,0,0,0,0,96,0.52,0,0,2.167,730.21,1595855,b41a9cdd478e,300,1,200,,6a2b5cf930a9
flat,default,new,666fe84d5301,10.0,0.0,200,162,0,0,58,0,38,0.81,58,0,2.137,730.21,1595855,b41a9cdd478e,300,1,200,,6a2b5cf930a9
flat,default,base,a67169eb7a33,11.0,1.0,200,184,0,0,0,0,16,0.92,0,0,2.681,730.21,956234,d255c094db82,300,1,200,,6a2b5cf930a9
flat,default,new_S0,eb6679e58718,11.0,1.0,200,184,0,0,0,0,16,0.92,0,0,2.114,730.21,956234,d255c094db82,300,1,200,,6a2b5cf930a9
flat,default,new,666fe84d5301,11.0,1.0,200,196,0,0,12,0,4,0.98,12,0,2.099,730.21,956234,d255c094db82,300,1,200,,6a2b5cf930a9
flat,default,base,a67169eb7a33,12.0,2.0,200,194,0,0,0,0,6,0.97,0,0,2.636,730.21,522171,b65420c4665d,300,1,200,,6a2b5cf930a9
flat,default,new_S0,eb6679e58718,12.0,2.0,200,194,0,0,0,0,6,0.97,0,0,2.061,730.21,522171,b65420c4665d,300,1,200,,6a2b5cf930a9
flat,default,new,666fe84d5301,12.0,2.0,200,199,0,0,5,0,1,0.995,5,0,2.066,730.21,522171,b65420c4665d,300,1,200,,6a2b5cf930a9
flat,default,base,a67169eb7a33,13.0,3.0,200,200,0,0,0,0,0,1.0,0,0,2.62,730.21,256336,e1b729bcb6fa,300,1,200,,6a2b5cf930a9
flat,default,new_S0,eb6679e58718,13.0,3.0,200,200,0,0,0,0,0,1.0,0,0,2.072,730.21,256336,e1b729bcb6fa,300,1,200,,6a2b5cf930a9
flat,default,new,666fe84d5301,13.0,3.0,200,200,0,0,0,0,0,1.0,0,0,2.072,730.21,256336,e1b729bcb6fa,300,1,200,,6a2b5cf930a9
flat,default,base,a67169eb7a33,14.0,4.0,200,200,0,0,0,0,0,1.0,0,0,2.615,730.21,109827,aa435517548f,300,1,200,,6a2b5cf930a9
flat,default,new_S0,eb6679e58718,14.0,4.0,200,200,0,0,0,0,0,1.0,0,0,2.048,730.21,109827,aa435517548f,300,1,200,,6a2b5cf930a9
flat,default,new,666fe84d5301,14.0,4.0,200,200,0,0,0,0,0,1.0,0,0,2.075,730.21,109827,aa435517548f,300,1,200,,6a2b5cf930a9
flat,default,base,a67169eb7a33,15.0,5.0,200,200,0,0,0,0,0,1.0,0,0,2.636,730.21,40376,8eaa8a49651b,300,1,200,,6a2b5cf930a9
flat,default,new_S0,eb6679e58718,15.0,5.0,200,200,0,0,0,0,0,1.0,0,0,2.056,730.21,40376,8eaa8a49651b,300,1,200,,6a2b5cf930a9
flat,default,new,666fe84d5301,15.0,5.0,200,200,0,0,0,0,0,1.0,0,0,2.046,730.21,40376,8eaa8a49651b,300,1,200,,6a2b5cf930a9
flat,default,base,a67169eb7a33,16.0,6.0,200,200,0,0,0,0,0,1.0,0,0,2.613,730.21,11917,341ff92b89a9,300,1,200,,6a2b5cf930a9
flat,default,new_S0,eb6679e58718,16.0,6.0,200,200,0,0,0,0,0,1.0,0,0,2.05,730.21,11917,341ff92b89a9,300,1,200,,6a2b5cf930a9
flat,default,new,666fe84d5301,16.0,6.0,200,200,0,0,0,0,0,1.0,0,0,2.087,730.21,11917,341ff92b89a9,300,1,200,,6a2b5cf930a9
