condition,profile,binary,binary_sha,ebn0_db,snr3k_db,frames_tx,frames_ok,frames_bad,frames_dup,frames_fixed,bad_fixed,frames_missed,p_decode,gained_vs_ref,lost_vs_ref,cpu_s,audio_s,clipped_samples,wav_sha,mode,seed,frames,rate,extra,gen_packets_sha
flat,default,base,a67169eb7a33,6.0,11.05,200,0,0,0,0,0,200,0.0,0,0,0.08,22.73,2,c23e35a20e24,9600,1,200,44100,,6a2b5cf930a9
flat,default,new,479d4533c552,6.0,11.05,200,0,0,0,0,0,200,0.0,0,0,0.084,22.73,2,c23e35a20e24,9600,1,200,44100,,6a2b5cf930a9
flat,default,new_S2,3e3d699482b4,6.0,11.05,200,1,0,0,1,0,199,0.005,1,0,0.115,22.73,2,c23e35a20e24,9600,1,200,44100,,6a2b5cf930a9
flat,default,base,a67169eb7a33,7.0,12.05,200,4,0,0,0,0,196,0.02,0,0,0.082,22.73,0,f4bb24d6edee,9600,1,200,44100,,6a2b5cf930a9
flat,default,new,479d4533c552,7.0,12.05,200,16,0,0,12,0,184,0.08,12,0,0.088,22.73,0,f4bb24d6edee,9600,1,200,44100,,6a2b5cf930a9
flat,default,new_S2,3e3d699482b4,7.0,12.05,200,35,0,0,31,0,165,0.175,31,0,0.114,22.73,0,f4bb24d6edee,9600,1,200,44100,,6a2b5cf930a9
flat,default,base,a67169eb7a33,8.0,13.05,200,39,0,0,0,0,161,0.195,0,0,0.082,22.73,0,081eb1e39aef,9600,1,200,44100,,6a2b5cf930a9
flat,default,new,479d4533c552,8.0,13.05,200,83,0,0,44,0,117,0.415,44,0,0.083,22.73,0,081eb1e39aef,9600,1,200,44100,,6a2b5cf930a9
flat,default,new_S2,3e3d699482b4,8.0,13.05,200,107,0,0,68,0,93,0.535,68,0,0.105,22.73,0,081eb1e39aef,9600,1,200,44100,,6a2b5cf930a9
flat,default,base,a67169eb7a33,9.0,14.05,200,123,0,0,0,0,77,0.615,0,0,0.088,22.73,0,dba15edfb096,9600,1,200,44100,,6a2b5cf930a9
flat,default,new,479d4533c552,9.0,14.05,200,164,0,0,41,0,36,0.82,41,0,0.081,22.73,0,dba15edfb096,9600,1,200,44100,,6a2b5cf930a9
flat,default,new_S2,3e3d699482b4,9.0,14.05,200,178,0,0,55,0,22,0.89,55,0,0.086,22.73,0,dba15edfb096,9600,1,200,44100,,6a2b5cf930a9
flat,default,base,a67169eb7a33,10.0,15.05,200,173,0,0,0,0,27,0.865,0,0,0.081,22.73,0,7c079b9e29a8,9600,1,200,44100,,6a2b5cf930a9
flat,default,new,479d4533c552,10.0,15.05,200,195,0,0,22,0,5,0.975,22,0,0.082,22.73,0,7c079b9e29a8,9600,1,200,44100,,6a2b5cf930a9
flat,default,new_S2,3e3d699482b4,10.0,15.05,200,195,0,0,22,0,5,0.975,22,0,0.082,22.73,0,7c079b9e29a8,9600,1,200,44100,,6a2b5cf930a9
flat,default,base,a67169eb7a33,11.0,16.05,200,196,0,0,0,0,4,0.98,0,0,0.08,22.73,0,2f11d234e7db,9600,1,200,44100,,6a2b5cf930a9
flat,default,new,479d4533c552,11.0,16.05,200,200,0,0,4,0,0,1.0,4,0,0.088,22.73,0,2f11d234e7db,9600,1,200,44100,,6a2b5cf930a9
flat,default,new_S2,3e3d699482b4,11.0,16.05,200,200,0,0,4,0,0,1.0,4,0,0.082,22.73,0,2f11d234e7db,9600,1,200,44100,,6a2b5cf930a9
flat,default,base,a67169eb7a33,12.0,17.05,200,200,0,0,0,0,0,1.0,0,0,0.081,22.73,0,fb0d93ac1f05,9600,1,200,44100,,6a2b5cf930a9
flat,default,new,479d4533c552,12.0,17.05,200,200,0,0,0,0,0,1.0,0,0,0.08,22.73,0,fb0d93ac1f05,9600,1,200,44100,,6a2b5cf930a9
flat,default,new_S2,3e3d699482b4,12.0,17.05,200,200,0,0,0,0,0,1.0,0,0,0.125,22.73,0,fb0d93ac1f05,9600,1,200,44100,,6a2b5cf930a9
flat,default,base,a67169eb7a33,13.0,18.05,200,200,0,0,0,0,0,1.0,0,0,0.095,22.73,0,be58679d908c,9600,1,200,44100,,6a2b5cf930a9
flat,default,new,479d4533c552,13.0,18.05,200,200,0,0,0,0,0,1.0,0,0,0.086,22.73,0,be58679d908c,9600,1,200,44100,,6a2b5cf930a9
flat,default,new_S2,3e3d699482b4,13.0,18.05,200,200,0,0,0,0,0,1.0,0,0,0.089,22.73,0,be58679d908c,9600,1,200,44100,,6a2b5cf930a9
flat,default,base,a67169eb7a33,14.0,19.05,200,200,0,0,0,0,0,1.0,0,0,0.085,22.73,0,bfae29d493fa,9600,1,200,44100,,6a2b5cf930a9
flat,default,new,479d4533c552,14.0,19.05,200,200,0,0,0,0,0,1.0,0,0,0.081,22.73,0,bfae29d493fa,9600,1,200,44100,,6a2b5cf930a9
flat,default,new_S2,3e3d699482b4,14.0,19.05,200,200,0,0,0,0,0,1.0,0,0,0.081,22.73,0,bfae29d493fa,9600,1,200,44100,,6a2b5cf930a9
flat,default,base,a67169eb7a33,15.0,20.05,200,200,0,0,0,0,0,1.0,0,0,0.08,22.73,0,228d60512794,9600,1,200,44100,,6a2b5cf930a9
flat,default,new,479d4533c552,15.0,20.05,200,200,0,0,0,0,0,1.0,0,0,0.081,22.73,0,228d60512794,9600,1,200,44100,,6a2b5cf930a9
flat,default,new_S2,3e3d699482b4,15.0,20.05,200,200,0,0,0,0,0,1.0,0,0,0.081,22.73,0,228d60512794,9600,1,200,44100,,6a2b5cf930a9
flat,default,base,a67169eb7a33,16.0,21.05,200,200,0,0,0,0,0,1.0,0,0,0.081,22.73,0,4de1ff556695,9600,1,200,44100,,6a2b5cf930a9
flat,default,new,479d4533c552,16.0,21.05,200,200,0,0,0,0,0,1.0,0,0,0.084,22.73,0,4de1ff556695,9600,1,200,44100,,6a2b5cf930a9
flat,default,new_S2,3e3d699482b4,16.0,21.05,200,200,0,0,0,0,0,1.0,0,0,0.09,22.73,0,4de1ff556695,9600,1,200,44100,,6a2b5cf930a9
flat,default,base,a67169eb7a33,17.0,22.05,200,200,0,0,0,0,0,1.0,0,0,0.082,22.73,0,1805a426dd94,9600,1,200,44100,,6a2b5cf930a9
flat,default,new,479d4533c552,17.0,22.05,200,200,0,0,0,0,0,1.0,0,0,0.084,22.73,0,1805a426dd94,9600,1,200,44100,,6a2b5cf930a9
flat,default,new_S2,3e3d699482b4,17.0,22.05,200,200,0,0,0,0,0,1.0,0,0,0.082,22.73,0,1805a426dd94,9600,1,200,44100,,6a2b5cf930a9
flat,default,base,a67169eb7a33,18.0,23.05,200,200,0,0,0,0,0,1.0,0,0,0.081,22.73,0,3e72f46a7c7a,9600,1,200,44100,,6a2b5cf930a9
flat,default,new,479d4533c552,18.0,23.05,200,200,0,0,0,0,0,1.0,0,0,0.081,22.73,0,3e72f46a7c7a,9600,1,200,44100,,6a2b5cf930a9
flat,default,new_S2,3e3d699482b4,18.0,23.05,200,200,0,0,0,0,0,1.0,0,0,0.088,22.73,0,3e72f46a7c7a,9600,1,200,44100,,6a2b5cf930a9
