condition,profile,binary,frames_tx,frames_ok,frames_bad,frames_fixed,gained_vs_ref,lost_vs_ref,cpu_s,ebn0_p50_interp,ebn0_p50_logit,ebn0_p50_logit_se,ebn0_p90_interp,ebn0_p90_logit,ebn0_p90_logit_se
flat,A+,base,3400,2088,0,0,0,0,48.11,10.04,10.06,0.05,11.42,11.16,0.08
flat,A+,new,3400,2148,0,60,60,0,33.28,9.71,9.76,0.05,10.95,10.78,0.08
flat,A+,new_S2,3400,2198,0,110,110,0,33.46,9.49,9.51,0.05,10.72,10.47,0.07
flat,A,base,3400,1998,0,0,0,0,41.97,10.48,10.51,0.05,11.87,11.77,0.08
flat,A,new,3400,2124,0,126,126,0,25.63,9.76,9.88,0.05,11.22,11.09,0.08
flat,A,new_S2,3400,2183,0,185,185,0,25.73,9.51,9.59,0.05,10.84,10.76,0.08
deemph6,A+,base,3400,1565,0,0,0,0,49.1,12.59,12.68,0.05,14.11,13.84,0.08
deemph6,A+,new,3400,1611,0,46,46,0,33.82,12.42,12.44,0.05,13.74,13.53,0.08
deemph6,A+,new_S2,3400,1641,0,76,76,0,33.91,12.28,12.29,0.05,13.54,13.34,0.08
deemph6,A,base,3400,1429,0,0,0,0,41.83,13.32,13.35,0.05,14.85,14.65,0.09
deemph6,A,new,3400,1536,0,107,107,0,26.03,12.7,12.82,0.05,14.29,14.01,0.08
deemph6,A,new_S2,3400,1592,0,163,163,0,26.21,12.47,12.54,0.05,13.97,13.8,0.08
deemph10,A+,base,3400,377,0,0,0,0,48.73,18.62,nan,nan,19.92,nan,nan
deemph10,A+,new,3400,420,0,43,43,0,34.01,18.43,18.87,0.0,19.71,18.87,0.0
deemph10,A+,new_S2,3400,437,0,60,60,0,34.13,18.34,nan,nan,19.65,nan,nan
deemph10,A,base,3400,263,0,0,0,0,41.61,19.18,18.01,0.0,nan,18.01,0.0
deemph10,A,new,3400,350,0,87,87,0,25.42,18.71,nan,nan,nan,nan,nan
deemph10,A,new_S2,3400,385,0,122,122,0,25.74,18.52,nan,nan,nan,nan,nan
preemph6,A+,base,3400,1809,0,0,0,0,48.53,11.42,11.45,0.05,12.85,12.68,0.08
preemph6,A+,new,3400,1889,0,80,80,0,33.53,10.92,11.05,0.05,12.49,12.14,0.08
preemph6,A+,new_S2,3400,1930,0,121,121,0,33.6,10.74,10.85,0.05,12.14,11.89,0.08
preemph6,A,base,3400,1680,0,0,0,0,41.77,12.1,12.1,0.05,13.56,13.35,0.08
preemph6,A,new,3400,1800,0,120,120,0,25.51,11.5,11.5,0.05,12.78,12.63,0.08
preemph6,A,new_S2,3400,1849,0,169,169,0,25.9,11.25,11.25,0.05,12.62,12.41,0.08
fast1pct,A+,base,3400,2046,0,0,0,0,47.87,10.28,10.27,0.05,11.6,11.36,0.08
fast1pct,A+,new,3400,2092,0,46,46,0,32.89,10.04,10.04,0.05,11.37,11.12,0.08
fast1pct,A+,new_S2,3400,2126,0,80,80,0,33.12,9.8,9.87,0.05,11.3,11.01,0.08
fast1pct,A,base,3400,1966,0,0,0,0,41.41,10.56,10.67,0.06,12.35,12.02,0.09
fast1pct,A,new,3400,2047,0,81,81,0,25.41,10.18,10.26,0.05,11.91,11.59,0.09
fast1pct,A,new_S2,3400,2083,0,117,117,0,25.39,9.99,10.08,0.06,11.86,11.48,0.09
slow1pct,A+,base,3400,2095,0,0,0,0,48.6,10.04,10.02,0.05,11.11,11.05,0.08
slow1pct,A+,new,3400,2159,0,64,64,0,33.67,9.67,9.71,0.05,10.89,10.73,0.08
slow1pct,A+,new_S2,3400,2197,0,102,102,0,33.69,9.49,9.52,0.05,10.79,10.59,0.08
slow1pct,A,base,3400,2033,0,0,0,0,42.22,10.31,10.33,0.05,11.77,11.56,0.08
slow1pct,A,new,3400,2128,0,95,95,0,25.83,9.76,9.86,0.05,11.12,10.99,0.08
slow1pct,A,new_S2,3400,2173,0,140,140,0,26.04,9.55,9.64,0.05,10.91,10.79,0.08
tone+2pct,A+,base,3400,2018,0,0,0,0,48.0,10.38,10.41,0.05,11.73,11.51,0.08
tone+2pct,A+,new,3400,2082,0,64,64,0,32.98,10.1,10.09,0.05,11.22,11.12,0.08
tone+2pct,A+,new_S2,3400,2117,0,99,99,0,33.11,9.83,9.92,0.05,11.0,10.96,0.08
tone+2pct,A,base,3400,1937,0,0,0,0,41.69,10.69,10.82,0.05,12.42,12.14,0.09
tone+2pct,A,new,3400,2054,0,117,117,0,25.62,10.26,10.23,0.05,11.54,11.32,0.08
tone+2pct,A,new_S2,3400,2095,0,158,158,0,25.7,10.05,10.02,0.05,11.3,11.15,0.08
tone-50hz,A+,base,3400,1955,0,0,0,0,48.8,10.74,10.73,0.05,11.96,11.86,0.08
tone-50hz,A+,new,3400,2024,0,69,69,0,33.19,10.35,10.38,0.05,11.73,11.49,0.08
tone-50hz,A+,new_S2,3400,2065,0,110,110,0,33.31,10.12,10.17,0.05,11.59,11.29,0.08
tone-50hz,A,base,3400,1886,0,0,0,0,41.7,11.15,11.07,0.05,12.55,12.38,0.09
tone-50hz,A,new,3400,2024,0,138,138,0,25.48,10.32,10.38,0.05,11.79,11.57,0.08
tone-50hz,A,new_S2,3400,2062,0,176,176,0,25.82,10.07,10.19,0.05,11.7,11.44,0.08
ctcss,A+,base,3400,2103,0,0,0,0,48.22,9.93,9.99,0.05,11.35,11.09,0.08
ctcss,A+,new,3400,2167,0,64,64,0,33.1,9.64,9.67,0.05,10.86,10.7,0.08
ctcss,A+,new_S2,3400,2199,0,96,96,0,33.2,9.48,9.51,0.05,10.76,10.54,0.08
ctcss,A,base,3400,2031,0,0,0,0,41.68,10.26,10.34,0.05,11.76,11.61,0.08
ctcss,A,new,3400,2131,0,100,100,0,25.64,9.77,9.85,0.05,10.97,10.87,0.08
ctcss,A,new_S2,3400,2175,0,144,144,0,25.63,9.54,9.63,0.05,10.9,10.71,0.08
lowlevel,A+,base,3400,2112,0,0,0,0,48.11,9.97,9.94,0.05,11.0,10.98,0.08
lowlevel,A+,new,3400,2172,0,60,60,0,33.08,9.6,9.64,0.05,10.84,10.65,0.08
lowlevel,A+,new_S2,3400,2213,0,101,101,0,33.27,9.43,9.43,0.05,10.59,10.36,0.07
lowlevel,A,base,3400,2041,0,0,0,0,41.66,10.29,10.29,0.05,11.69,11.52,0.08
lowlevel,A,new,3400,2136,0,95,95,0,25.43,9.73,9.82,0.05,11.18,10.98,0.08
lowlevel,A,new_S2,3400,2187,0,146,146,0,25.77,9.49,9.57,0.05,10.94,10.74,0.08
clipped,A+,base,3400,1847,0,0,0,0,49.29,11.28,11.26,0.05,12.51,12.25,0.07
clipped,A+,new,3400,1924,0,77,77,0,34.16,10.89,10.88,0.05,11.92,11.81,0.07
clipped,A+,new_S2,3400,1977,0,130,130,0,34.26,10.61,10.62,0.05,11.78,11.56,0.07
clipped,A,base,3400,1806,0,0,0,0,41.95,11.49,11.47,0.05,12.71,12.63,0.08
clipped,A,new,3400,1918,0,112,112,0,26.3,10.88,10.91,0.05,12.05,11.99,0.08
clipped,A,new_S2,3400,1974,0,168,168,0,26.49,10.6,10.63,0.05,11.83,11.71,0.08
impulse,A+,base,3400,1847,0,0,0,0,48.26,10.68,11.26,0.08,13.86,14.13,0.13
impulse,A+,new,3400,2024,0,177,177,0,33.37,10.13,10.38,0.07,11.96,12.27,0.1
impulse,A+,new_S2,3400,2095,0,248,248,0,33.53,9.84,10.02,0.06,11.57,11.65,0.1
impulse,A,base,3400,1621,0,0,0,0,41.99,11.11,nan,nan,19.92,nan,nan
impulse,A,new,3400,1961,0,340,340,0,25.62,10.28,10.69,0.08,12.64,13.18,0.12
impulse,A,new_S2,3400,2058,0,437,437,0,25.79,9.85,10.21,0.07,11.89,12.48,0.11
flutter,A+,base,3400,1303,0,0,0,0,48.29,14.0,13.99,0.06,15.5,15.34,0.09
flutter,A+,new,3400,1388,0,85,85,0,33.18,13.62,13.56,0.05,14.87,14.82,0.08
flutter,A+,new_S2,3400,1444,0,141,141,0,33.33,13.35,13.28,0.05,14.67,14.53,0.08
flutter,A,base,3400,1202,0,0,0,0,42.0,14.42,14.49,0.06,16.36,16.05,0.09
flutter,A,new,3400,1347,0,145,145,0,25.53,13.74,13.77,0.06,14.98,15.11,0.09
flutter,A,new_S2,3400,1421,2,219,219,0,25.92,13.41,13.39,0.06,14.76,14.74,0.09
noise_only,A+,base,,,0,,,,56.184,,,,,,
noise_only,A+,new,,,0,,,,39.424,,,,,,
noise_only,A+,new_S2,,,0,,,,39.037,,,,,,
noise_only,A,base,,,0,,,,47.172,,,,,,
noise_only,A,new,,,0,,,,28.776,,,,,,
noise_only,A,new_S2,,,0,,,,29.139,,,,,,
