condition,profile,binary,binary_sha,ebn0_db,snr3k_db,frames_tx,frames_ok,frames_bad,frames_dup,frames_missed,p_decode,gained_vs_ref,lost_vs_ref,cpu_s,audio_s,clipped_samples,wav_sha,mode,seed,frames,extra,gen_packets_sha,frames_fixed,bad_fixed
flat,A+,base,a67169eb7a33,7.0,3.02,2000,0,0,0,2000,0.0,0,0,27.711,1815.69,628793,d1291b90ab23,1200,101,2000,,6a2b5cf930a9,,
flat,A+,F1,e640ed355ad3,7.0,3.02,2000,2,0,0,1998,0.001,2,0,32.637,1815.69,628793,d1291b90ab23,1200,101,2000,,6a2b5cf930a9,,
flat,A+,k16p12q30,4a74ef1184f0,7.0,3.02,2000,6,0,0,1994,0.003,6,0,28.903,1815.69,628793,d1291b90ab23,1200,101,2000,,6a2b5cf930a9,,
flat,A+,k24p12q30,c79718ea1288,7.0,3.02,2000,6,0,0,1994,0.003,6,0,28.938,1815.69,628793,d1291b90ab23,1200,101,2000,,6a2b5cf930a9,,
flat,A+,base,a67169eb7a33,8.5,4.52,2000,82,0,0,1918,0.041,0,0,27.446,1815.69,165991,e706c2438ece,1200,101,2000,,6a2b5cf930a9,,
flat,A+,F1,e640ed355ad3,8.5,4.52,2000,269,3,0,1731,0.1345,187,0,35.125,1815.69,165991,e706c2438ece,1200,101,2000,,6a2b5cf930a9,,
flat,A+,k16p12q30,4a74ef1184f0,8.5,4.52,2000,319,0,0,1681,0.1595,237,0,28.759,1815.69,165991,e706c2438ece,1200,101,2000,,6a2b5cf930a9,,
flat,A+,k24p12q30,c79718ea1288,8.5,4.52,2000,329,0,0,1671,0.1645,247,0,28.908,1815.69,165991,e706c2438ece,1200,101,2000,,6a2b5cf930a9,,
flat,A+,base,a67169eb7a33,7.0,3.02,2000,1,0,0,1999,0.0005,0,0,28.651,1853.58,642071,a2662e5afa49,1200,102,2000,,6a2b5cf930a9,,
flat,A+,F1,e640ed355ad3,7.0,3.02,2000,2,0,0,1998,0.001,1,0,33.858,1853.58,642071,a2662e5afa49,1200,102,2000,,6a2b5cf930a9,,
flat,A+,k16p12q30,d55a1d1bfbf4,7.0,3.02,2000,3,0,0,1997,0.0015,2,0,29.563,1853.58,642071,a2662e5afa49,1200,102,2000,,6a2b5cf930a9,,
flat,A+,k24p12q30,7faaabc8c6c3,7.0,3.02,2000,3,0,0,1997,0.0015,2,0,29.425,1853.58,642071,a2662e5afa49,1200,102,2000,,6a2b5cf930a9,,
flat,A+,base,a67169eb7a33,8.5,4.52,2000,93,0,0,1907,0.0465,0,0,28.321,1853.58,170076,c003d2c732e4,1200,102,2000,,6a2b5cf930a9,,
flat,A+,F1,e640ed355ad3,8.5,4.52,2000,271,4,0,1729,0.1355,178,0,35.925,1853.58,170076,c003d2c732e4,1200,102,2000,,6a2b5cf930a9,,
flat,A+,k16p12q30,d55a1d1bfbf4,8.5,4.52,2000,320,0,0,1680,0.16,227,0,29.528,1853.58,170076,c003d2c732e4,1200,102,2000,,6a2b5cf930a9,,
flat,A+,k24p12q30,7faaabc8c6c3,8.5,4.52,2000,334,0,0,1666,0.167,241,0,29.645,1853.58,170076,c003d2c732e4,1200,102,2000,,6a2b5cf930a9,,
flat,A+,base,a67169eb7a33,7.0,3.02,2000,2,0,0,1998,0.001,0,0,28.59,1851.75,641650,0e2601614eeb,1200,103,2000,,6a2b5cf930a9,,
flat,A+,F1,e640ed355ad3,7.0,3.02,2000,3,0,0,1997,0.0015,1,0,33.523,1851.75,641650,0e2601614eeb,1200,103,2000,,6a2b5cf930a9,,
flat,A+,k16p12q30,d55a1d1bfbf4,7.0,3.02,2000,3,0,0,1997,0.0015,1,0,29.45,1851.75,641650,0e2601614eeb,1200,103,2000,,6a2b5cf930a9,,
flat,A+,k24p12q30,7faaabc8c6c3,7.0,3.02,2000,4,0,0,1996,0.002,2,0,29.7,1851.75,641650,0e2601614eeb,1200,103,2000,,6a2b5cf930a9,,
flat,A+,base,a67169eb7a33,8.5,4.52,2000,64,0,0,1936,0.032,0,0,28.345,1851.75,169480,3288719288ae,1200,103,2000,,6a2b5cf930a9,,
flat,A+,F1,e640ed355ad3,8.5,4.52,2000,244,0,0,1756,0.122,180,0,35.999,1851.75,169480,3288719288ae,1200,103,2000,,6a2b5cf930a9,,
flat,A+,k16p12q30,d55a1d1bfbf4,8.5,4.52,2000,285,1,0,1715,0.1425,221,0,29.72,1851.75,169480,3288719288ae,1200,103,2000,,6a2b5cf930a9,,
flat,A+,k24p12q30,7faaabc8c6c3,8.5,4.52,2000,304,1,0,1696,0.152,240,0,29.607,1851.75,169480,3288719288ae,1200,103,2000,,6a2b5cf930a9,,
flat,A+,base,a67169eb7a33,7.0,3.02,2000,1,0,0,1999,0.0005,0,0,28.625,1834.24,635146,87a551a873ec,1200,104,2000,,6a2b5cf930a9,,
flat,A+,F1,e640ed355ad3,7.0,3.02,2000,6,0,0,1994,0.003,5,0,33.185,1834.24,635146,87a551a873ec,1200,104,2000,,6a2b5cf930a9,,
flat,A+,k16p12q30,d55a1d1bfbf4,7.0,3.02,2000,6,0,0,1994,0.003,5,0,29.3,1834.24,635146,87a551a873ec,1200,104,2000,,6a2b5cf930a9,,
flat,A+,k24p12q30,7faaabc8c6c3,7.0,3.02,2000,8,0,0,1992,0.004,7,0,29.617,1834.24,635146,87a551a873ec,1200,104,2000,,6a2b5cf930a9,,
flat,A+,base,a67169eb7a33,8.5,4.52,2000,78,0,0,1922,0.039,0,0,27.703,1834.24,168057,37a56df647c2,1200,104,2000,,6a2b5cf930a9,,
flat,A+,F1,e640ed355ad3,8.5,4.52,2000,269,0,0,1731,0.1345,191,0,35.191,1834.24,168057,37a56df647c2,1200,104,2000,,6a2b5cf930a9,,
flat,A+,k16p12q30,d55a1d1bfbf4,8.5,4.52,2000,293,0,0,1707,0.1465,215,0,29.269,1834.24,168057,37a56df647c2,1200,104,2000,,6a2b5cf930a9,,
flat,A+,k24p12q30,7faaabc8c6c3,8.5,4.52,2000,314,0,0,1686,0.157,236,0,29.347,1834.24,168057,37a56df647c2,1200,104,2000,,6a2b5cf930a9,,
flat,A+,base,a67169eb7a33,7.0,3.02,2000,1,0,0,1999,0.0005,0,0,28.599,1841.69,638880,86d341802a80,1200,105,2000,,6a2b5cf930a9,,
flat,A+,F1,e640ed355ad3,7.0,3.02,2000,10,0,0,1990,0.005,9,0,33.618,1841.69,638880,86d341802a80,1200,105,2000,,6a2b5cf930a9,,
flat,A+,k16p12q30,d55a1d1bfbf4,7.0,3.02,2000,9,0,0,1991,0.0045,8,0,29.392,1841.69,638880,86d341802a80,1200,105,2000,,6a2b5cf930a9,,
flat,A+,k24p12q30,7faaabc8c6c3,7.0,3.02,2000,11,0,0,1989,0.0055,10,0,29.649,1841.69,638880,86d341802a80,1200,105,2000,,6a2b5cf930a9,,
flat,A+,base,a67169eb7a33,8.5,4.52,2000,88,0,0,1912,0.044,0,0,28.528,1841.69,168975,3959af68ad28,1200,105,2000,,6a2b5cf930a9,,
flat,A+,F1,e640ed355ad3,8.5,4.52,2000,261,2,0,1739,0.1305,173,0,35.662,1841.69,168975,3959af68ad28,1200,105,2000,,6a2b5cf930a9,,
flat,A+,k16p12q30,d55a1d1bfbf4,8.5,4.52,2000,315,0,0,1685,0.1575,227,0,29.355,1841.69,168975,3959af68ad28,1200,105,2000,,6a2b5cf930a9,,
flat,A+,k24p12q30,7faaabc8c6c3,8.5,4.52,2000,325,0,0,1675,0.1625,237,0,29.587,1841.69,168975,3959af68ad28,1200,105,2000,,6a2b5cf930a9,,
flat,A+,base,a67169eb7a33,7.0,3.02,2000,2,0,0,1998,0.001,0,0,28.433,1842.07,638477,8b8a94901538,1200,106,2000,,6a2b5cf930a9,0,0
flat,A+,F1,e640ed355ad3,7.0,3.02,2000,4,0,0,1996,0.002,2,0,33.255,1842.07,638477,8b8a94901538,1200,106,2000,,6a2b5cf930a9,2,0
flat,A+,k16p12q30,d55a1d1bfbf4,7.0,3.02,2000,6,0,0,1994,0.003,4,0,29.301,1842.07,638477,8b8a94901538,1200,106,2000,,6a2b5cf930a9,0,0
flat,A+,k24p12q30,7faaabc8c6c3,7.0,3.02,2000,6,0,0,1994,0.003,4,0,29.288,1842.07,638477,8b8a94901538,1200,106,2000,,6a2b5cf930a9,0,0
flat,A+,base,a67169eb7a33,8.5,4.52,2000,79,0,0,1921,0.0395,0,0,28.102,1842.07,169096,17dcdaf40df9,1200,106,2000,,6a2b5cf930a9,0,0
flat,A+,F1,e640ed355ad3,8.5,4.52,2000,279,2,0,1721,0.1395,200,0,35.638,1842.07,169096,17dcdaf40df9,1200,106,2000,,6a2b5cf930a9,200,2
flat,A+,k16p12q30,d55a1d1bfbf4,8.5,4.52,2000,328,0,0,1672,0.164,249,0,29.292,1842.07,169096,17dcdaf40df9,1200,106,2000,,6a2b5cf930a9,0,0
flat,A+,k24p12q30,7faaabc8c6c3,8.5,4.52,2000,340,1,0,1660,0.17,261,0,29.392,1842.07,169096,17dcdaf40df9,1200,106,2000,,6a2b5cf930a9,0,0
flat,A+,base,a67169eb7a33,7.0,3.02,2000,2,0,0,1998,0.001,0,0,28.155,1838.0,636022,9febda6244f1,1200,107,2000,,6a2b5cf930a9,0,0
flat,A+,F1,e640ed355ad3,7.0,3.02,2000,3,0,0,1997,0.0015,1,0,33.01,1838.0,636022,9febda6244f1,1200,107,2000,,6a2b5cf930a9,1,0
flat,A+,k16p12q30,d55a1d1bfbf4,7.0,3.02,2000,5,0,0,1995,0.0025,3,0,29.184,1838.0,636022,9febda6244f1,1200,107,2000,,6a2b5cf930a9,0,0
flat,A+,k24p12q30,7faaabc8c6c3,7.0,3.02,2000,5,0,0,1995,0.0025,3,0,29.111,1838.0,636022,9febda6244f1,1200,107,2000,,6a2b5cf930a9,0,0
flat,A+,base,a67169eb7a33,8.5,4.52,2000,83,1,0,1917,0.0415,0,0,28.057,1838.0,168851,57427efa4315,1200,107,2000,,6a2b5cf930a9,0,0
flat,A+,F1,e640ed355ad3,8.5,4.52,2000,287,3,0,1713,0.1435,204,0,37.936,1838.0,168851,57427efa4315,1200,107,2000,,6a2b5cf930a9,204,2
flat,A+,k16p12q30,d55a1d1bfbf4,8.5,4.52,2000,348,1,0,1652,0.174,265,0,29.305,1838.0,168851,57427efa4315,1200,107,2000,,6a2b5cf930a9,0,0
flat,A+,k24p12q30,7faaabc8c6c3,8.5,4.52,2000,364,1,0,1636,0.182,281,0,29.333,1838.0,168851,57427efa4315,1200,107,2000,,6a2b5cf930a9,0,0
flat,A+,base,a67169eb7a33,7.0,3.02,2000,0,0,0,2000,0.0,0,0,28.122,1830.72,634842,df51f6076f7a,1200,108,2000,,6a2b5cf930a9,0,0
flat,A+,F1,e640ed355ad3,7.0,3.02,2000,3,0,0,1997,0.0015,3,0,33.026,1830.72,634842,df51f6076f7a,1200,108,2000,,6a2b5cf930a9,3,0
flat,A+,k16p12q30,d55a1d1bfbf4,7.0,3.02,2000,3,0,0,1997,0.0015,3,0,29.435,1830.72,634842,df51f6076f7a,1200,108,2000,,6a2b5cf930a9,0,0
flat,A+,k24p12q30,7faaabc8c6c3,7.0,3.02,2000,4,0,0,1996,0.002,4,0,29.157,1830.72,634842,df51f6076f7a,1200,108,2000,,6a2b5cf930a9,0,0
flat,A+,base,a67169eb7a33,8.5,4.52,2000,98,0,0,1902,0.049,0,0,27.923,1830.72,168190,9f2a00476795,1200,108,2000,,6a2b5cf930a9,0,0
flat,A+,F1,e640ed355ad3,8.5,4.52,2000,279,1,0,1721,0.1395,181,0,35.273,1830.72,168190,9f2a00476795,1200,108,2000,,6a2b5cf930a9,181,1
flat,A+,k16p12q30,d55a1d1bfbf4,8.5,4.52,2000,334,0,0,1666,0.167,236,0,28.865,1830.72,168190,9f2a00476795,1200,108,2000,,6a2b5cf930a9,0,0
flat,A+,k24p12q30,7faaabc8c6c3,8.5,4.52,2000,344,0,0,1656,0.172,246,0,29.249,1830.72,168190,9f2a00476795,1200,108,2000,,6a2b5cf930a9,0,0
flat,A+,base,a67169eb7a33,7.0,3.02,2000,1,0,0,1999,0.0005,0,0,28.352,1842.39,639775,d352052cf5ae,1200,109,2000,,6a2b5cf930a9,0,0
flat,A+,F1,e640ed355ad3,7.0,3.02,2000,4,0,0,1996,0.002,3,0,33.364,1842.39,639775,d352052cf5ae,1200,109,2000,,6a2b5cf930a9,3,0
flat,A+,k16p12q30,d55a1d1bfbf4,7.0,3.02,2000,5,0,0,1995,0.0025,4,0,29.538,1842.39,639775,d352052cf5ae,1200,109,2000,,6a2b5cf930a9,0,0
flat,A+,k24p12q30,7faaabc8c6c3,7.0,3.02,2000,5,0,0,1995,0.0025,4,0,29.735,1842.39,639775,d352052cf5ae,1200,109,2000,,6a2b5cf930a9,0,0
flat,A+,base,a67169eb7a33,8.5,4.52,2000,86,0,0,1914,0.043,0,0,27.946,1842.39,168864,ddc6e1b6b439,1200,109,2000,,6a2b5cf930a9,0,0
flat,A+,F1,e640ed355ad3,8.5,4.52,2000,266,1,0,1734,0.133,180,0,35.909,1842.39,168864,ddc6e1b6b439,1200,109,2000,,6a2b5cf930a9,180,1
flat,A+,k16p12q30,d55a1d1bfbf4,8.5,4.52,2000,316,0,0,1684,0.158,230,0,29.568,1842.39,168864,ddc6e1b6b439,1200,109,2000,,6a2b5cf930a9,0,0
flat,A+,k24p12q30,7faaabc8c6c3,8.5,4.52,2000,332,0,0,1668,0.166,246,0,29.581,1842.39,168864,ddc6e1b6b439,1200,109,2000,,6a2b5cf930a9,0,0
flat,A+,base,a67169eb7a33,7.0,3.02,2000,1,0,0,1999,0.0005,0,0,28.302,1836.7,637253,df5f3113954d,1200,110,2000,,6a2b5cf930a9,0,0
flat,A+,F1,e640ed355ad3,7.0,3.02,2000,5,0,0,1995,0.0025,4,0,33.362,1836.7,637253,df5f3113954d,1200,110,2000,,6a2b5cf930a9,4,0
flat,A+,k16p12q30,d55a1d1bfbf4,7.0,3.02,2000,6,0,0,1994,0.003,5,0,29.377,1836.7,637253,df5f3113954d,1200,110,2000,,6a2b5cf930a9,0,0
flat,A+,k24p12q30,7faaabc8c6c3,7.0,3.02,2000,6,0,0,1994,0.003,5,0,29.572,1836.7,637253,df5f3113954d,1200,110,2000,,6a2b5cf930a9,0,0
flat,A+,base,a67169eb7a33,8.5,4.52,2000,101,1,0,1899,0.0505,0,0,27.771,1836.7,169267,e5fcbd7c7f27,1200,110,2000,,6a2b5cf930a9,0,0
flat,A+,F1,e640ed355ad3,8.5,4.52,2000,252,4,0,1748,0.126,151,0,36.512,1836.7,169267,e5fcbd7c7f27,1200,110,2000,,6a2b5cf930a9,151,3
flat,A+,k16p12q30,d55a1d1bfbf4,8.5,4.52,2000,313,1,0,1687,0.1565,212,0,29.06,1836.7,169267,e5fcbd7c7f27,1200,110,2000,,6a2b5cf930a9,0,0
flat,A+,k24p12q30,7faaabc8c6c3,8.5,4.52,2000,320,1,0,1680,0.16,219,0,29.251,1836.7,169267,e5fcbd7c7f27,1200,110,2000,,6a2b5cf930a9,0,0
flat,A+,base,a67169eb7a33,7.0,3.02,2000,0,0,0,2000,0.0,0,0,28.566,1852.06,642016,96930f536c6f,1200,111,2000,,6a2b5cf930a9,0,0
flat,A+,F1,e640ed355ad3,7.0,3.02,2000,6,1,0,1994,0.003,6,0,33.371,1852.06,642016,96930f536c6f,1200,111,2000,,6a2b5cf930a9,6,1
flat,A+,k16p12q30,d55a1d1bfbf4,7.0,3.02,2000,4,0,0,1996,0.002,4,0,29.682,1852.06,642016,96930f536c6f,1200,111,2000,,6a2b5cf930a9,0,0
flat,A+,k24p12q30,7faaabc8c6c3,7.0,3.02,2000,4,0,0,1996,0.002,4,0,29.633,1852.06,642016,96930f536c6f,1200,111,2000,,6a2b5cf930a9,0,0
flat,A+,base,a67169eb7a33,8.5,4.52,2000,77,0,0,1923,0.0385,0,0,27.912,1852.06,170617,e643a65b511a,1200,111,2000,,6a2b5cf930a9,0,0
flat,A+,F1,e640ed355ad3,8.5,4.52,2000,243,4,0,1757,0.1215,166,0,36.074,1852.06,170617,e643a65b511a,1200,111,2000,,6a2b5cf930a9,166,4
flat,A+,k16p12q30,d55a1d1bfbf4,8.5,4.52,2000,294,0,0,1706,0.147,217,0,29.583,1852.06,170617,e643a65b511a,1200,111,2000,,6a2b5cf930a9,0,0
flat,A+,k24p12q30,7faaabc8c6c3,8.5,4.52,2000,302,0,0,1698,0.151,225,0,29.883,1852.06,170617,e643a65b511a,1200,111,2000,,6a2b5cf930a9,0,0
flat,A+,base,a67169eb7a33,7.0,3.02,2000,0,0,0,2000,0.0,0,0,28.702,1861.01,645623,a03714750acc,1200,112,2000,,6a2b5cf930a9,0,0
flat,A+,F1,e640ed355ad3,7.0,3.02,2000,3,0,0,1997,0.0015,3,0,33.696,1861.01,645623,a03714750acc,1200,112,2000,,6a2b5cf930a9,3,0
flat,A+,k16p12q30,d55a1d1bfbf4,7.0,3.02,2000,5,0,0,1995,0.0025,5,0,29.496,1861.01,645623,a03714750acc,1200,112,2000,,6a2b5cf930a9,0,0
flat,A+,k24p12q30,7faaabc8c6c3,7.0,3.02,2000,6,0,0,1994,0.003,6,0,29.944,1861.01,645623,a03714750acc,1200,112,2000,,6a2b5cf930a9,0,0
flat,A+,base,a67169eb7a33,8.5,4.52,2000,74,1,0,1926,0.037,0,0,28.388,1861.01,170128,b7c0d9aac0e5,1200,112,2000,,6a2b5cf930a9,0,0
flat,A+,F1,e640ed355ad3,8.5,4.52,2000,252,3,0,1748,0.126,178,0,36.089,1861.01,170128,b7c0d9aac0e5,1200,112,2000,,6a2b5cf930a9,178,2
flat,A+,k16p12q30,d55a1d1bfbf4,8.5,4.52,2000,320,1,0,1680,0.16,246,0,29.922,1861.01,170128,b7c0d9aac0e5,1200,112,2000,,6a2b5cf930a9,0,0
flat,A+,k24p12q30,7faaabc8c6c3,8.5,4.52,2000,332,1,0,1668,0.166,258,0,29.615,1861.01,170128,b7c0d9aac0e5,1200,112,2000,,6a2b5cf930a9,0,0
flat,A+,base,a67169eb7a33,7.0,3.02,2000,0,1,0,2000,0.0,0,0,28.393,1845.83,639427,89abd0965d8f,1200,113,2000,,6a2b5cf930a9,0,0
flat,A+,F1,e640ed355ad3,7.0,3.02,2000,2,1,0,1998,0.001,2,0,33.356,1845.83,639427,89abd0965d8f,1200,113,2000,,6a2b5cf930a9,2,0
flat,A+,k16p12q30,d55a1d1bfbf4,7.0,3.02,2000,1,1,0,1999,0.0005,1,0,29.46,1845.83,639427,89abd0965d8f,1200,113,2000,,6a2b5cf930a9,0,0
flat,A+,k24p12q30,7faaabc8c6c3,7.0,3.02,2000,1,1,0,1999,0.0005,1,0,29.476,1845.83,639427,89abd0965d8f,1200,113,2000,,6a2b5cf930a9,0,0
flat,A+,base,a67169eb7a33,8.5,4.52,2000,93,0,0,1907,0.0465,0,0,28.294,1845.83,169628,b0a7b9ebad1c,1200,113,2000,,6a2b5cf930a9,0,0
flat,A+,F1,e640ed355ad3,8.5,4.52,2000,263,1,0,1737,0.1315,170,0,35.803,1845.83,169628,b0a7b9ebad1c,1200,113,2000,,6a2b5cf930a9,170,1
flat,A+,k16p12q30,d55a1d1bfbf4,8.5,4.52,2000,336,0,0,1664,0.168,243,0,29.475,1845.83,169628,b0a7b9ebad1c,1200,113,2000,,6a2b5cf930a9,0,0
flat,A+,k24p12q30,7faaabc8c6c3,8.5,4.52,2000,350,0,0,1650,0.175,257,0,29.349,1845.83,169628,b0a7b9ebad1c,1200,113,2000,,6a2b5cf930a9,0,0
flat,A+,base,a67169eb7a33,7.0,3.02,2000,1,0,0,1999,0.0005,0,0,28.476,1852.32,641285,788ae0a8897d,1200,114,2000,,6a2b5cf930a9,0,0
flat,A+,F1,e640ed355ad3,7.0,3.02,2000,6,1,0,1994,0.003,5,0,33.599,1852.32,641285,788ae0a8897d,1200,114,2000,,6a2b5cf930a9,5,1
flat,A+,k16p12q30,d55a1d1bfbf4,7.0,3.02,2000,6,0,0,1994,0.003,5,0,29.493,1852.32,641285,788ae0a8897d,1200,114,2000,,6a2b5cf930a9,0,0
flat,A+,k24p12q30,7faaabc8c6c3,7.0,3.02,2000,7,0,0,1993,0.0035,6,0,29.578,1852.32,641285,788ae0a8897d,1200,114,2000,,6a2b5cf930a9,0,0
flat,A+,base,a67169eb7a33,8.5,4.52,2000,77,0,0,1923,0.0385,0,0,28.335,1852.32,170105,aa76b46b2c41,1200,114,2000,,6a2b5cf930a9,0,0
flat,A+,F1,e640ed355ad3,8.5,4.52,2000,243,5,0,1757,0.1215,166,0,35.874,1852.32,170105,aa76b46b2c41,1200,114,2000,,6a2b5cf930a9,166,5
flat,A+,k16p12q30,d55a1d1bfbf4,8.5,4.52,2000,298,0,0,1702,0.149,221,0,29.768,1852.32,170105,aa76b46b2c41,1200,114,2000,,6a2b5cf930a9,0,0
flat,A+,k24p12q30,7faaabc8c6c3,8.5,4.52,2000,312,0,0,1688,0.156,235,0,29.644,1852.32,170105,aa76b46b2c41,1200,114,2000,,6a2b5cf930a9,0,0
flat,A+,base,a67169eb7a33,7.0,3.02,2000,0,0,0,2000,0.0,0,0,28.358,1851.65,642777,91878f911b61,1200,115,2000,,6a2b5cf930a9,0,0
flat,A+,F1,e640ed355ad3,7.0,3.02,2000,3,0,0,1997,0.0015,3,0,33.559,1851.65,642777,91878f911b61,1200,115,2000,,6a2b5cf930a9,3,0
flat,A+,k16p12q30,d55a1d1bfbf4,7.0,3.02,2000,4,0,0,1996,0.002,4,0,29.425,1851.65,642777,91878f911b61,1200,115,2000,,6a2b5cf930a9,0,0
flat,A+,k24p12q30,7faaabc8c6c3,7.0,3.02,2000,4,0,0,1996,0.002,4,0,29.455,1851.65,642777,91878f911b61,1200,115,2000,,6a2b5cf930a9,0,0
flat,A+,base,a67169eb7a33,8.5,4.52,2000,89,0,0,1911,0.0445,0,0,28.632,1851.65,170005,3b4dd16d8f27,1200,115,2000,,6a2b5cf930a9,0,0
flat,A+,F1,e640ed355ad3,8.5,4.52,2000,272,2,0,1728,0.136,183,0,36.087,1851.65,170005,3b4dd16d8f27,1200,115,2000,,6a2b5cf930a9,183,2
flat,A+,k16p12q30,d55a1d1bfbf4,8.5,4.52,2000,318,0,0,1682,0.159,229,0,29.51,1851.65,170005,3b4dd16d8f27,1200,115,2000,,6a2b5cf930a9,0,0
flat,A+,k24p12q30,7faaabc8c6c3,8.5,4.52,2000,333,0,0,1667,0.1665,244,0,29.776,1851.65,170005,3b4dd16d8f27,1200,115,2000,,6a2b5cf930a9,0,0
