G_sent,S,delivery,G_offered,lat_med,lat_p95,S_min,S_max,access,hidden,capture,profile,topologies,seed
0.0503,0.0453,0.8998,0.05,1.0,1.0,0.0423,0.0486,aloha,0.0,True,F600,5,1
0.1007,0.0871,0.8649,0.1,1.0,1.0,0.0838,0.0908,aloha,0.0,True,F600,5,1
0.1978,0.1575,0.7961,0.2,1.0,1.0,0.1484,0.1678,aloha,0.0,True,F600,5,1
0.3005,0.2188,0.7281,0.3,1.0,1.0,0.2098,0.2271,aloha,0.0,True,F600,5,1
0.5003,0.3107,0.6213,0.5,1.0,1.0,0.305,0.3175,aloha,0.0,True,F600,5,1
0.6985,0.3654,0.5232,0.7,1.0,1.0,0.3568,0.3731,aloha,0.0,True,F600,5,1
0.9978,0.4113,0.4124,1.0,1.0,1.2177,0.4015,0.4158,aloha,0.0,True,F600,5,1
1.4891,0.4261,0.2863,1.5,1.0,1.4745,0.4114,0.4384,aloha,0.0,True,F600,5,1
2.0076,0.402,0.2004,2.0,1.0,1.6919,0.357,0.4225,aloha,0.0,True,F600,5,1
0.0502,0.0451,0.8989,0.05,1.0,1.0,0.0432,0.0481,aloha,0.3,True,F600,5,1
0.1016,0.0878,0.8653,0.1,1.0,1.0,0.0855,0.091,aloha,0.3,True,F600,5,1
0.2003,0.1586,0.7918,0.2,1.0,1.0,0.1515,0.1668,aloha,0.3,True,F600,5,1
0.2999,0.2183,0.728,0.3,1.0,1.0,0.2064,0.2294,aloha,0.3,True,F600,5,1
0.5018,0.3081,0.6144,0.5,1.0,1.0,0.3008,0.3165,aloha,0.3,True,F600,5,1
0.7013,0.3699,0.5276,0.7,1.0,1.0,0.3624,0.3833,aloha,0.3,True,F600,5,1
1.0031,0.4149,0.4137,1.0,1.0,1.0766,0.406,0.4243,aloha,0.3,True,F600,5,1
1.5066,0.4276,0.284,1.5,1.0,1.3677,0.4099,0.4485,aloha,0.3,True,F600,5,1
2.0164,0.4084,0.2026,2.0,1.0,1.6221,0.37,0.4325,aloha,0.3,True,F600,5,1
0.0496,0.0464,0.9347,0.05,1.2999,2.7991,0.0426,0.0506,csma,0.0,True,F600,5,1
0.1003,0.0934,0.9315,0.1,1.2999,2.949,0.0882,0.0993,csma,0.0,True,F600,5,1
0.2028,0.1867,0.9203,0.2,1.4498,3.3988,0.1766,0.2029,csma,0.0,True,F600,5,1
0.3,0.2724,0.9088,0.3,1.4498,3.8486,0.2662,0.2805,csma,0.0,True,F600,5,1
0.5005,0.4405,0.8799,0.5,1.7496,5.4358,0.4119,0.4645,csma,0.0,True,F600,5,1
0.6965,0.5826,0.8366,0.7,2.1994,7.8966,0.5621,0.5985,csma,0.0,True,F600,5,1
0.9843,0.7393,0.7511,1.0,3.7474,18.9458,0.7063,0.7628,csma,0.0,True,F600,5,1
1.3959,0.7522,0.5406,1.5,29.6789,742.2645,0.6945,0.8119,csma,0.0,True,F600,5,1
1.5447,0.7134,0.4648,2.0,50.9281,861.51,0.635,0.77,csma,0.0,True,F600,5,1
0.0504,0.0463,0.9182,0.05,1.2999,2.6492,0.0436,0.0492,csma,0.3,True,F600,5,1
0.1001,0.0894,0.8923,0.1,1.2999,2.7991,0.0847,0.0954,csma,0.3,True,F600,5,1
0.2021,0.1724,0.8534,0.2,1.2999,2.949,0.164,0.1787,csma,0.3,True,F600,5,1
0.2991,0.2428,0.8118,0.3,1.4498,3.099,0.2329,0.2536,csma,0.3,True,F600,5,1
0.5044,0.363,0.7201,0.5,1.4498,3.5487,0.3525,0.3725,csma,0.3,True,F600,5,1
0.705,0.4462,0.6331,0.7,1.5997,4.2984,0.437,0.4557,csma,0.3,True,F600,5,1
0.9902,0.5259,0.5313,1.0,1.7496,5.048,0.5118,0.534,csma,0.3,True,F600,5,1
1.5088,0.5584,0.3702,1.5,2.2502,7.7922,0.5333,0.5771,csma,0.3,True,F600,5,1
2.0218,0.5112,0.2532,2.0,2.949,15.0072,0.4895,0.536,csma,0.3,True,F600,5,1
