condition,profile,binary,binary_sha,ebn0_db,snr3k_db,frames_tx,frames_ok,frames_bad,frames_dup,frames_fixed,bad_fixed,frames_missed,p_decode,gained_vs_ref,lost_vs_ref,cpu_s,audio_s,clipped_samples,wav_sha,mode,seed,frames,rate,extra,generator,gen_packets_sha
flat,A+,old,e329476f4569,7.0,3.02,1500,1,0,0,0,0,1499,0.0007,0,0,24.87,1390.2,481333,ffd5c24e917b,1200,102,1500,44100,,gen_packets,2743be91099f
flat,A+,pr1,f357464f4c72,7.0,3.02,1500,1,0,0,0,0,1499,0.0007,0,0,22.43,1390.2,481333,ffd5c24e917b,1200,102,1500,44100,,gen_packets,2743be91099f
flat,A+,new,e4960308bb17,7.0,3.02,1500,1,0,0,0,0,1499,0.0007,0,0,22.144,1390.2,481333,ffd5c24e917b,1200,102,1500,44100,,gen_packets,2743be91099f
flat,A+,old,e329476f4569,8.5,4.52,1500,69,0,0,0,0,1431,0.046,0,0,25.518,1390.2,127686,988493525a14,1200,102,1500,44100,,gen_packets,2743be91099f
flat,A+,pr1,f357464f4c72,8.5,4.52,1500,117,0,0,48,0,1383,0.078,48,0,22.371,1390.2,127686,988493525a14,1200,102,1500,44100,,gen_packets,2743be91099f
flat,A+,new,e4960308bb17,8.5,4.52,1500,120,0,0,51,0,1380,0.08,51,0,23.098,1390.2,127686,988493525a14,1200,102,1500,44100,,gen_packets,2743be91099f
flat,A,old,e329476f4569,7.0,3.02,1500,0,0,0,0,0,1500,0.0,0,0,20.967,1390.2,481333,ffd5c24e917b,1200,102,1500,44100,,gen_packets,2743be91099f
flat,A,pr1,f357464f4c72,7.0,3.02,1500,0,0,0,0,0,1500,0.0,0,0,18.439,1390.2,481333,ffd5c24e917b,1200,102,1500,44100,,gen_packets,2743be91099f
flat,A,new,e4960308bb17,7.0,3.02,1500,0,0,0,0,0,1500,0.0,0,0,18.826,1390.2,481333,ffd5c24e917b,1200,102,1500,44100,,gen_packets,2743be91099f
flat,A,old,e329476f4569,8.5,4.52,1500,38,0,0,0,0,1462,0.0253,0,0,21.397,1390.2,127686,988493525a14,1200,102,1500,44100,,gen_packets,2743be91099f
flat,A,pr1,f357464f4c72,8.5,4.52,1500,92,0,0,54,0,1408,0.0613,54,0,18.689,1390.2,127686,988493525a14,1200,102,1500,44100,,gen_packets,2743be91099f
flat,A,new,e4960308bb17,8.5,4.52,1500,92,0,0,54,0,1408,0.0613,54,0,18.81,1390.2,127686,988493525a14,1200,102,1500,44100,,gen_packets,2743be91099f
flat,AB,old,e329476f4569,7.0,3.02,1500,0,0,0,0,0,1500,0.0,0,0,7.834,1390.2,481333,ffd5c24e917b,1200,102,1500,44100,,gen_packets,2743be91099f
flat,AB,pr1,f357464f4c72,7.0,3.02,1500,1,0,0,1,0,1499,0.0007,1,0,7.582,1390.2,481333,ffd5c24e917b,1200,102,1500,44100,,gen_packets,2743be91099f
flat,AB,new,e4960308bb17,7.0,3.02,1500,0,0,0,0,0,1500,0.0,0,0,7.943,1390.2,481333,ffd5c24e917b,1200,102,1500,44100,,gen_packets,2743be91099f
flat,AB,old,e329476f4569,8.5,4.52,1500,35,1,0,0,0,1465,0.0233,0,0,8.327,1390.2,127686,988493525a14,1200,102,1500,44100,,gen_packets,2743be91099f
flat,AB,pr1,f357464f4c72,8.5,4.52,1500,74,1,0,39,0,1426,0.0493,39,0,8.105,1390.2,127686,988493525a14,1200,102,1500,44100,,gen_packets,2743be91099f
flat,AB,new,e4960308bb17,8.5,4.52,1500,64,1,0,29,0,1436,0.0427,29,0,7.472,1390.2,127686,988493525a14,1200,102,1500,44100,,gen_packets,2743be91099f
impulse,A+,old,e329476f4569,7.0,3.02,1500,0,0,0,0,0,1500,0.0,0,0,24.082,1390.2,503157,4843eb3d93eb,1200,102,1500,44100,,gen_packets,2743be91099f
impulse,A+,pr1,f357464f4c72,7.0,3.02,1500,0,0,0,0,0,1500,0.0,0,0,22.19,1390.2,503157,4843eb3d93eb,1200,102,1500,44100,,gen_packets,2743be91099f
impulse,A+,new,e4960308bb17,7.0,3.02,1500,1,0,0,1,0,1499,0.0007,1,0,22.195,1390.2,503157,4843eb3d93eb,1200,102,1500,44100,,gen_packets,2743be91099f
impulse,A+,old,e329476f4569,8.5,4.52,1500,32,1,0,0,0,1468,0.0213,0,0,24.357,1390.2,147097,f19c96c4c73f,1200,102,1500,44100,,gen_packets,2743be91099f
impulse,A+,pr1,f357464f4c72,8.5,4.52,1500,69,1,0,37,0,1431,0.046,37,0,22.08,1390.2,147097,f19c96c4c73f,1200,102,1500,44100,,gen_packets,2743be91099f
impulse,A+,new,e4960308bb17,8.5,4.52,1500,69,1,0,37,0,1431,0.046,37,0,22.148,1390.2,147097,f19c96c4c73f,1200,102,1500,44100,,gen_packets,2743be91099f
impulse,A,old,e329476f4569,7.0,3.02,1500,0,0,0,0,0,1500,0.0,0,0,20.527,1390.2,503157,4843eb3d93eb,1200,102,1500,44100,,gen_packets,2743be91099f
impulse,A,pr1,f357464f4c72,7.0,3.02,1500,0,0,0,0,0,1500,0.0,0,0,18.725,1390.2,503157,4843eb3d93eb,1200,102,1500,44100,,gen_packets,2743be91099f
impulse,A,new,e4960308bb17,7.0,3.02,1500,0,0,0,0,0,1500,0.0,0,0,18.722,1390.2,503157,4843eb3d93eb,1200,102,1500,44100,,gen_packets,2743be91099f
impulse,A,old,e329476f4569,8.5,4.52,1500,25,0,0,0,0,1475,0.0167,0,0,20.636,1390.2,147097,f19c96c4c73f,1200,102,1500,44100,,gen_packets,2743be91099f
impulse,A,pr1,f357464f4c72,8.5,4.52,1500,68,0,0,43,0,1432,0.0453,43,0,18.61,1390.2,147097,f19c96c4c73f,1200,102,1500,44100,,gen_packets,2743be91099f
impulse,A,new,e4960308bb17,8.5,4.52,1500,68,0,0,43,0,1432,0.0453,43,0,18.555,1390.2,147097,f19c96c4c73f,1200,102,1500,44100,,gen_packets,2743be91099f
impulse,AB,old,e329476f4569,7.0,3.02,1500,0,0,0,0,0,1500,0.0,0,0,8.668,1390.2,503157,4843eb3d93eb,1200,102,1500,44100,,gen_packets,2743be91099f
impulse,AB,pr1,f357464f4c72,7.0,3.02,1500,0,0,0,0,0,1500,0.0,0,0,7.958,1390.2,503157,4843eb3d93eb,1200,102,1500,44100,,gen_packets,2743be91099f
impulse,AB,new,e4960308bb17,7.0,3.02,1500,0,0,0,0,0,1500,0.0,0,0,7.498,1390.2,503157,4843eb3d93eb,1200,102,1500,44100,,gen_packets,2743be91099f
impulse,AB,old,e329476f4569,8.5,4.52,1500,24,0,0,0,0,1476,0.016,0,0,8.08,1390.2,147097,f19c96c4c73f,1200,102,1500,44100,,gen_packets,2743be91099f
impulse,AB,pr1,f357464f4c72,8.5,4.52,1500,54,0,0,30,0,1446,0.036,30,0,7.671,1390.2,147097,f19c96c4c73f,1200,102,1500,44100,,gen_packets,2743be91099f
impulse,AB,new,e4960308bb17,8.5,4.52,1500,43,0,0,19,0,1457,0.0287,19,0,7.713,1390.2,147097,f19c96c4c73f,1200,102,1500,44100,,gen_packets,2743be91099f
