system,condition,snr_db,ebn0_db,frames,ok,bad,pdr,pdr_lo,pdr_hi,airtime_s,cpu_ms_per_frame,sync_cands_per_frame,seed,config_sha
R25_ldpc,itu_mod_off,-16.0,4.674,200,0,0,0.0,0.0,0.0188,11.96,649.65,3.975,20261010,e65cc3659983
R25_ldpc,itu_mod_off,-15.0,5.674,200,9,0,0.045,0.0239,0.0833,11.96,638.24,3.85,20261010,e65cc3659983
R25_ldpc,itu_mod_off,-14.0,6.674,200,13,0,0.065,0.0384,0.108,11.96,632.34,3.805,20261010,e65cc3659983
R25_ldpc,itu_mod_off,-13.0,7.674,200,35,0,0.175,0.1286,0.2336,11.96,604.85,3.48,20261010,e65cc3659983
R25_ldpc,itu_mod_off,-12.0,8.674,200,79,0,0.395,0.3298,0.4641,11.96,536.82,2.815,20261010,e65cc3659983
R25_ldpc,itu_mod_off,-11.0,9.674,200,130,0,0.65,0.5816,0.7127,11.96,453.54,2.05,20261010,e65cc3659983
R25_ldpc,itu_mod_off,-10.0,10.674,200,165,0,0.825,0.7664,0.8714,11.96,418.2,1.53,20261010,e65cc3659983
R25_ldpc,itu_mod_off,-9.0,11.674,200,188,0,0.94,0.8981,0.9653,11.96,384.43,1.18,20261010,e65cc3659983
R25_ldpc,itu_mod_off,-8.0,12.674,200,197,0,0.985,0.9568,0.9949,11.96,363.02,1.045,20261010,e65cc3659983
R25_ldpc,itu_mod_off,-7.0,13.674,200,197,0,0.985,0.9568,0.9949,11.96,360.51,1.045,20261010,e65cc3659983
R25_ldpc,itu_mod_off,-6.0,14.674,200,200,0,1.0,0.9812,1.0,11.96,364.43,1.0,20261010,e65cc3659983
R25_ldpc,itu_mod_off,-5.0,15.674,200,199,0,0.995,0.9722,0.9991,11.96,347.45,1.015,20261010,e65cc3659983
R25_ldpc,itu_mod_off,-4.0,16.674,200,200,0,1.0,0.9812,1.0,11.96,376.25,1.005,20261010,e65cc3659983
R25_ldpc,itu_mod_off,-3.0,17.674,200,200,0,1.0,0.9812,1.0,11.96,387.81,1.0,20261010,e65cc3659983
R25_ldpc,itu_mod_off,-2.0,18.674,200,200,0,1.0,0.9812,1.0,11.96,372.39,1.0,20261010,e65cc3659983
R25_ldpc,itu_mod_off,-1.0,19.674,200,200,0,1.0,0.9812,1.0,11.96,367.94,1.0,20261010,e65cc3659983
R25_ldpc,itu_mod_off,0.0,20.674,200,200,0,1.0,0.9812,1.0,11.96,378.5,1.0,20261010,e65cc3659983
